Name,ID,Gender,Sem1,Sem2,Sem3,Sem4,Sem5,Sem6,Sem7,Sem8,Result
Student1,ID31,Male,9,7,7,8,9,6,9,7,Pass
Student2,ID32,Female,6,6,9,7,9,8,7,9,Pass
Student3,ID33,Female,7,9,7,7,8,6,8,9,Pass
Student4,ID34,Female,8,6,8,0,9,8,6,7,Fail
Student5,ID35,Male,8,9,8,6,8,9,8,7,Pass
Student6,ID36,Female,9,8,8,7,8,6,0,8,Fail
Student7,ID37,Female,0,6,6,0,6,9,6,7,Fail
Student8,ID38,Female,8,9,6,7,0,9,6,7,Fail
Student9,ID39,Male,8,0,9,8,9,6,7,8,Fail
Student10,ID210,Male,8,8,7,7,6,7,8,8,Pass
Student11,ID211,Male,8,7,9,9,9,8,8,7,Pass
Student12,ID212,Male,8,6,9,0,8,9,9,8,Fail
Student13,ID213,Female,9,9,7,0,0,8,8,6,Fail
Student14,ID214,Female,6,9,8,6,8,8,9,7,Pass
Student15,ID215,Female,9,9,8,7,8,7,9,7,Pass
Student16,ID216,Male,9,8,8,6,9,9,7,0,Fail
Student17,ID217,Female,7,0,6,9,7,9,9,8,Fail
Student18,ID218,Female,0,7,7,8,0,6,7,7,Fail
Student19,ID219,Female,6,7,6,7,6,6,9,9,Pass
Student20,ID220,Male,6,8,9,0,7,7,9,8,Fail
Student21,ID221,Male,9,7,7,8,9,9,8,9,Pass
Student22,ID222,Male,7,6,7,6,6,7,9,8,Pass
Student23,ID223,Male,9,7,9,7,7,7,0,8,Fail
Student24,ID224,Male,9,6,9,9,7,9,8,0,Fail
Student25,ID225,Male,7,9,8,8,9,8,9,6,Pass
Student26,ID226,Male,7,8,6,6,7,9,8,7,Pass
Student27,ID227,Female,8,8,9,7,6,7,9,9,Pass
Student28,ID228,Male,7,8,8,6,8,6,7,0,Fail
Student29,ID229,Female,0,7,8,9,9,7,8,8,Fail
Student30,ID230,Female,7,6,6,8,7,8,6,8,Pass
Student31,ID231,Male,8,6,8,6,0,9,8,7,Fail
Student32,ID232,Male,6,6,8,7,8,9,7,9,Pass
Student33,ID233,Male,6,9,9,9,7,9,9,8,Pass
Student34,ID234,Female,6,6,6,6,7,8,8,6,Pass
Student35,ID235,Female,8,6,0,0,7,8,6,7,Fail
Student36,ID236,Male,9,7,0,7,8,9,9,6,Fail
Student37,ID237,Male,8,0,8,6,0,7,6,7,Fail
Student38,ID238,Female,6,9,6,6,9,8,8,9,Pass
Student39,ID239,Female,9,9,8,8,8,8,8,6,Pass
Student40,ID240,Male,9,8,9,0,7,7,7,7,Fail
Student41,ID241,Female,9,7,0,8,7,7,6,7,Fail
Student42,ID242,Female,7,9,7,7,0,8,7,6,Fail
Student43,ID243,Male,7,7,7,8,9,6,7,7,Pass
Student44,ID244,Female,8,9,6,0,7,8,6,7,Fail
Student45,ID245,Female,6,8,7,0,7,9,8,6,Fail
Student46,ID246,Female,0,7,6,9,7,8,6,8,Fail
Student47,ID247,Male,7,8,6,7,6,7,9,9,Pass
Student48,ID248,Male,6,8,9,8,6,6,7,6,Pass
Student49,ID249,Female,8,6,9,0,9,6,7,8,Fail
Student50,ID250,Female,9,6,6,9,8,9,9,7,Pass
Student51,ID251,Male,8,9,8,9,7,7,7,6,Pass
Student52,ID252,Male,7,6,7,9,8,8,7,6,Pass
Student53,ID253,Male,8,6,9,6,7,9,9,9,Pass
Student54,ID254,Female,8,6,8,7,8,6,8,9,Pass
Student55,ID255,Female,8,6,6,8,9,8,9,8,Pass
Student56,ID256,Male,7,7,9,7,8,8,6,9,Pass
Student57,ID257,Male,7,8,7,7,9,7,9,6,Pass
Student58,ID258,Male,8,9,8,8,8,6,6,6,Pass
Student59,ID259,Female,8,6,7,9,9,9,9,9,Pass
Student60,ID260,Female,7,6,8,9,7,8,8,8,Pass
Student61,ID261,Female,6,6,7,7,7,8,8,6,Pass
Student62,ID262,Female,7,7,6,6,8,6,0,9,Fail
Student63,ID263,Male,7,8,6,6,9,7,9,8,Pass
Student64,ID264,Female,7,8,9,9,0,8,6,8,Fail
Student65,ID265,Male,9,7,7,6,7,9,8,8,Pass
Student66,ID266,Male,6,8,6,9,8,7,6,0,Fail
Student67,ID267,Male,8,6,9,8,9,6,6,6,Pass
Student68,ID268,Female,8,6,6,0,6,6,9,6,Fail
Student69,ID269,Male,8,9,8,6,8,6,8,0,Fail
Student70,ID270,Female,9,6,6,7,7,6,9,8,Pass
Student71,ID271,Female,6,6,6,7,6,6,7,0,Fail
Student72,ID272,Male,6,7,8,8,8,9,9,9,Pass
Student73,ID273,Female,6,8,7,8,7,9,8,6,Pass
Student74,ID274,Male,6,7,6,6,0,7,6,7,Fail
Student75,ID275,Male,6,8,9,9,7,7,8,9,Pass
Student76,ID276,Male,0,7,0,9,6,9,6,9,Fail
Student77,ID277,Male,6,6,7,9,7,9,8,9,Pass
Student78,ID278,Female,6,8,8,6,9,9,6,7,Pass
Student79,ID279,Female,7,6,6,7,8,7,9,8,Pass
Student80,ID280,Female,7,8,9,7,6,9,9,9,Pass
Student81,ID281,Female,6,7,6,7,8,6,9,6,Pass
Student82,ID282,Female,7,7,7,8,9,8,7,0,Fail
Student83,ID283,Male,6,9,8,9,7,8,7,8,Pass
Student84,ID284,Female,8,7,6,9,7,8,6,7,Pass
Student85,ID285,Female,7,9,9,6,7,9,8,6,Pass
Student86,ID286,Male,8,7,9,8,8,8,7,7,Pass
Student87,ID287,Male,6,6,8,7,6,9,6,9,Pass
Student88,ID288,Female,9,7,6,8,7,8,0,6,Fail
Student89,ID289,Female,7,9,8,7,9,6,6,8,Pass
Student90,ID290,Female,0,7,0,9,6,9,7,7,Fail
Student91,ID291,Female,0,9,9,8,6,9,9,7,Fail
Student92,ID292,Male,9,7,6,8,9,9,6,7,Pass
Student93,ID293,Male,6,7,9,8,6,9,6,7,Pass
Student94,ID294,Male,7,9,7,8,6,6,6,8,Pass
Student95,ID295,Female,9,8,6,9,7,6,7,6,Pass
Student96,ID296,Male,6,6,6,8,8,9,0,9,Fail
Student97,ID297,Male,9,9,9,6,6,9,7,6,Pass
Student98,ID298,Male,8,8,9,8,9,6,9,7,Pass
Student99,ID299,Female,9,9,8,9,6,0,8,7,Fail
Student100,ID1100,Female,8,6,8,7,6,8,8,8,Pass
Student101,ID1101,Female,7,6,6,9,8,8,9,6,Pass
Student102,ID1102,Female,7,7,7,9,9,6,0,8,Fail
Student103,ID1103,Male,7,6,8,6,0,7,0,8,Fail
Student104,ID1104,Male,7,6,6,7,6,9,8,9,Pass
Student105,ID1105,Male,7,8,6,0,7,8,6,9,Fail
Student106,ID1106,Female,6,9,8,6,7,9,7,7,Pass
Student107,ID1107,Male,9,6,7,8,6,8,8,8,Pass
Student108,ID1108,Female,7,7,7,6,9,7,7,0,Fail
Student109,ID1109,Male,8,9,6,7,6,6,8,0,Fail
Student110,ID1110,Male,8,0,9,6,9,9,9,6,Fail
Student111,ID1111,Female,8,8,9,8,9,8,8,6,Pass
Student112,ID1112,Female,6,6,7,7,9,7,9,8,Pass
Student113,ID1113,Male,6,6,9,6,0,6,9,6,Fail
Student114,ID1114,Female,9,9,9,8,7,9,9,8,Pass
Student115,ID1115,Female,6,9,7,6,8,9,6,8,Pass
Student116,ID1116,Female,6,6,7,9,9,6,9,9,Pass
Student117,ID1117,Male,6,6,8,7,7,6,8,8,Pass
Student118,ID1118,Male,8,9,6,6,0,6,8,9,Fail
Student119,ID1119,Female,6,9,7,8,7,7,9,6,Pass
Student120,ID1120,Male,8,9,9,6,8,8,6,6,Pass
Student121,ID1121,Female,8,7,9,9,6,9,8,9,Pass
Student122,ID1122,Male,6,8,7,0,9,7,7,0,Fail
Student123,ID1123,Female,9,9,8,8,9,7,7,8,Pass
Student124,ID1124,Male,9,6,9,8,8,8,9,0,Fail
Student125,ID1125,Female,6,9,7,9,7,9,8,8,Pass
Student126,ID1126,Female,7,8,8,7,7,6,7,7,Pass
Student127,ID1127,Male,7,9,6,9,6,9,8,6,Pass
Student128,ID1128,Male,7,7,9,9,6,9,6,7,Pass
Student129,ID1129,Male,9,8,8,6,7,9,6,6,Pass
Student130,ID1130,Female,7,9,6,7,6,7,9,9,Pass
Student131,ID1131,Male,7,7,7,7,7,8,0,9,Fail
Student132,ID1132,Male,8,0,7,7,8,8,7,9,Fail
Student133,ID1133,Male,6,6,9,9,0,8,9,6,Fail
Student134,ID1134,Female,7,8,9,9,9,7,6,9,Pass
Student135,ID1135,Female,8,6,9,7,9,6,0,7,Fail
Student136,ID1136,Female,7,7,8,8,8,8,6,0,Fail
Student137,ID1137,Male,9,9,8,8,7,9,9,6,Pass
Student138,ID1138,Female,7,9,8,0,6,8,9,8,Fail
Student139,ID1139,Female,8,7,6,7,9,7,6,6,Pass
Student140,ID1140,Male,9,9,7,6,7,9,9,9,Pass
Student141,ID1141,Female,9,7,9,7,7,8,8,8,Pass
Student142,ID1142,Female,6,9,0,8,6,9,7,0,Fail
Student143,ID1143,Male,7,8,6,8,7,6,9,7,Pass
Student144,ID1144,Female,9,8,7,8,8,9,6,6,Pass
Student145,ID1145,Female,8,6,0,6,8,9,9,8,Fail
Student146,ID1146,Female,8,9,7,8,7,7,9,9,Pass
Student147,ID1147,Male,9,7,8,9,6,8,8,8,Pass
Student148,ID1148,Male,9,9,7,9,6,9,6,7,Pass
Student149,ID1149,Female,7,6,7,8,8,6,7,9,Pass
Student150,ID1150,Female,0,6,7,6,6,8,6,8,Fail
Student151,ID1151,Female,8,6,7,7,7,9,8,6,Pass
Student152,ID1152,Male,8,9,8,0,6,6,8,7,Fail
Student153,ID1153,Female,6,8,9,9,7,9,9,6,Pass
Student154,ID1154,Female,7,8,8,8,7,9,8,6,Pass
Student155,ID1155,Female,9,6,7,6,8,8,6,8,Pass
Student156,ID1156,Female,6,9,7,9,7,8,6,9,Pass
Student157,ID1157,Male,9,0,9,8,8,6,6,8,Fail
Student158,ID1158,Female,9,7,8,6,7,9,7,8,Pass
Student159,ID1159,Male,9,6,8,9,7,7,7,6,Pass
Student160,ID1160,Female,6,6,7,0,9,6,8,9,Fail
Student161,ID1161,Female,9,9,9,7,8,8,8,0,Fail
Student162,ID1162,Male,9,7,8,0,9,7,6,0,Fail
Student163,ID1163,Female,8,8,9,6,6,6,6,9,Pass
Student164,ID1164,Female,6,6,8,9,6,7,9,8,Pass
Student165,ID1165,Male,9,8,7,6,8,7,6,6,Pass
Student166,ID1166,Male,8,9,8,6,9,8,6,0,Fail
Student167,ID1167,Female,0,9,8,9,7,0,0,8,Fail
Student168,ID1168,Female,9,6,8,0,9,9,0,6,Fail
Student169,ID1169,Male,8,8,0,7,6,6,9,6,Fail
Student170,ID1170,Male,8,7,7,7,9,7,0,9,Fail
Student171,ID1171,Male,7,6,7,6,8,9,9,9,Pass
Student172,ID1172,Female,9,7,9,8,7,0,9,0,Fail
Student173,ID1173,Male,6,6,0,7,9,6,9,9,Fail
Student174,ID1174,Male,9,6,6,7,0,9,9,9,Fail
Student175,ID1175,Male,7,8,6,6,8,9,6,9,Pass
Student176,ID1176,Female,9,6,6,9,8,9,6,8,Pass
Student177,ID1177,Male,7,8,9,8,7,7,7,8,Pass
Student178,ID1178,Male,8,9,9,8,6,8,6,0,Fail
Student179,ID1179,Female,8,0,6,7,8,8,8,9,Fail
Student180,ID1180,Female,9,8,0,7,6,8,6,6,Fail
Student181,ID1181,Female,6,6,8,0,7,6,8,0,Fail
Student182,ID1182,Male,0,6,9,9,7,7,6,8,Fail
Student183,ID1183,Male,9,9,7,7,7,8,9,6,Pass
Student184,ID1184,Female,9,9,7,8,7,9,0,7,Fail
Student185,ID1185,Male,6,9,7,6,6,7,8,9,Pass
Student186,ID1186,Female,6,6,7,6,8,6,8,6,Pass
Student187,ID1187,Female,9,7,6,7,7,7,7,8,Pass
Student188,ID1188,Male,8,8,9,8,9,6,6,8,Pass
Student189,ID1189,Male,8,8,8,8,9,8,8,0,Fail
Student190,ID1190,Male,6,6,7,8,6,0,7,6,Fail
Student191,ID1191,Female,7,6,0,8,8,9,7,9,Fail
Student192,ID1192,Male,9,7,9,8,6,9,6,6,Pass
Student193,ID1193,Male,8,7,8,9,6,6,9,8,Pass
Student194,ID1194,Female,9,9,7,7,8,0,9,8,Fail
Student195,ID1195,Male,8,6,7,9,8,8,8,9,Pass
Student196,ID1196,Female,8,9,7,9,7,6,7,9,Pass
Student197,ID1197,Male,0,7,6,0,9,8,8,7,Fail
Student198,ID1198,Female,9,9,6,8,7,7,6,8,Pass
Student199,ID1199,Male,8,8,8,0,0,8,9,7,Fail
Student200,ID1200,Male,6,6,6,9,6,0,7,7,Fail
Student201,ID1201,Female,7,9,8,7,7,8,6,9,Pass
Student202,ID1202,Male,9,7,8,7,0,8,6,6,Fail
Student203,ID1203,Female,8,0,0,8,9,6,8,9,Fail
Student204,ID1204,Female,8,9,7,8,7,7,0,6,Fail
Student205,ID1205,Male,8,9,9,8,6,7,9,8,Pass
Student206,ID1206,Female,0,0,8,8,9,9,9,6,Fail
Student207,ID1207,Male,6,7,7,7,9,6,7,9,Pass
Student208,ID1208,Male,9,0,8,7,9,7,8,7,Fail
Student209,ID1209,Male,8,8,9,7,9,9,6,6,Pass
Student210,ID1210,Male,0,7,6,9,6,8,6,8,Fail
Student211,ID1211,Female,6,6,9,9,6,9,7,9,Pass
Student212,ID1212,Male,9,6,9,8,6,6,0,7,Fail
Student213,ID1213,Female,6,7,9,7,8,8,9,7,Pass
Student214,ID1214,Male,0,6,6,7,6,6,6,6,Fail
Student215,ID1215,Male,8,8,8,9,6,9,8,8,Pass
Student216,ID1216,Female,8,8,9,9,8,7,9,6,Pass
Student217,ID1217,Male,6,8,7,6,6,8,9,6,Pass
Student218,ID1218,Female,8,9,8,9,6,0,7,6,Fail
Student219,ID1219,Male,6,9,9,8,8,9,9,9,Pass
Student220,ID1220,Male,7,8,8,6,9,7,7,7,Pass
Student221,ID1221,Male,9,7,9,9,9,7,7,7,Pass
Student222,ID1222,Male,6,7,7,9,6,7,9,8,Pass
Student223,ID1223,Female,8,9,9,6,6,8,7,9,Pass
Student224,ID1224,Male,7,6,6,0,8,8,6,6,Fail
Student225,ID1225,Male,9,9,9,7,6,9,8,0,Fail
Student226,ID1226,Male,9,7,9,6,6,9,8,9,Pass
Student227,ID1227,Female,8,7,7,8,6,6,6,9,Pass
Student228,ID1228,Female,9,9,8,9,9,7,6,9,Pass
Student229,ID1229,Female,9,9,9,6,6,9,7,9,Pass
Student230,ID1230,Male,9,8,7,7,6,7,9,7,Pass
Student231,ID1231,Female,8,7,9,6,7,9,9,6,Pass
Student232,ID1232,Male,8,9,0,6,9,8,6,6,Fail
Student233,ID1233,Female,7,8,8,6,6,8,7,6,Pass
Student234,ID1234,Female,9,8,7,6,6,6,8,7,Pass
Student235,ID1235,Male,9,7,7,7,6,9,8,9,Pass
Student236,ID1236,Female,9,7,7,7,9,0,0,9,Fail
Student237,ID1237,Male,7,9,6,8,7,6,7,6,Pass
Student238,ID1238,Female,7,8,8,6,8,8,6,9,Pass
Student239,ID1239,Male,9,6,7,8,9,7,9,8,Pass
Student240,ID1240,Female,8,9,6,6,9,7,8,7,Pass
Student241,ID1241,Male,6,9,8,6,6,6,8,8,Pass
Student242,ID1242,Male,7,9,8,9,6,8,6,7,Pass
Student243,ID1243,Male,8,9,9,6,6,8,9,7,Pass
Student244,ID1244,Female,6,9,7,6,7,7,0,6,Fail
Student245,ID1245,Male,8,9,6,8,9,9,9,7,Pass
Student246,ID1246,Female,6,0,8,7,8,6,0,6,Fail
Student247,ID1247,Female,6,6,8,9,7,8,8,9,Pass
Student248,ID1248,Male,7,7,0,6,6,7,6,8,Fail
Student249,ID1249,Male,6,9,8,8,8,9,7,7,Pass
Student250,ID1250,Female,7,9,0,6,9,6,9,6,Fail
Student251,ID1251,Male,6,7,7,6,7,6,6,6,Pass
Student252,ID1252,Male,7,7,6,9,7,9,6,8,Pass
Student253,ID1253,Male,7,7,8,8,7,6,9,8,Pass
Student254,ID1254,Female,6,9,6,7,0,8,8,9,Fail
Student255,ID1255,Female,8,8,6,9,7,6,6,7,Pass
Student256,ID1256,Female,7,6,9,6,8,8,6,8,Pass
Student257,ID1257,Female,0,8,7,9,6,7,8,6,Fail
Student258,ID1258,Male,7,7,9,8,7,6,6,7,Pass
Student259,ID1259,Female,9,8,9,8,6,6,9,6,Pass
Student260,ID1260,Female,6,6,8,8,8,7,8,8,Pass
Student261,ID1261,Female,7,9,0,7,8,7,8,9,Fail
Student262,ID1262,Male,7,8,9,8,9,8,9,0,Fail
Student263,ID1263,Female,8,7,6,6,9,7,7,7,Pass
Student264,ID1264,Female,7,7,9,0,8,9,8,0,Fail
Student265,ID1265,Female,9,6,8,7,9,7,9,8,Pass
Student266,ID1266,Male,8,8,7,9,6,8,7,7,Pass
Student267,ID1267,Female,7,8,7,9,9,8,7,8,Pass
Student268,ID1268,Female,0,9,8,7,6,9,8,6,Fail
Student269,ID1269,Male,7,6,6,9,9,9,9,6,Pass
Student270,ID1270,Female,6,8,8,9,8,7,9,6,Pass
Student271,ID1271,Male,9,7,6,7,7,7,9,8,Pass
Student272,ID1272,Female,9,7,6,9,6,6,6,7,Pass
Student273,ID1273,Female,7,7,6,9,6,6,6,0,Fail
Student274,ID1274,Female,9,8,6,9,7,7,9,0,Fail
Student275,ID1275,Female,8,9,9,7,8,9,9,9,Pass
Student276,ID1276,Male,6,8,6,6,7,7,7,8,Pass
Student277,ID1277,Female,9,9,6,9,7,9,9,6,Pass
Student278,ID1278,Female,8,6,7,8,9,6,6,0,Fail
Student279,ID1279,Male,6,7,9,6,8,9,7,6,Pass
Student280,ID1280,Male,9,8,9,0,8,8,8,7,Fail
Student281,ID1281,Female,7,6,7,8,9,7,9,7,Pass
Student282,ID1282,Male,8,9,6,7,6,6,6,6,Pass
Student283,ID1283,Female,7,7,7,6,0,0,8,6,Fail
Student284,ID1284,Female,9,9,8,7,0,8,9,9,Fail
Student285,ID1285,Male,9,6,8,8,8,7,7,9,Pass
Student286,ID1286,Male,9,7,9,8,7,7,0,7,Fail
Student287,ID1287,Male,8,8,7,7,6,6,7,9,Pass
Student288,ID1288,Female,9,8,7,7,7,9,9,8,Pass
Student289,ID1289,Male,7,7,6,8,9,8,7,6,Pass
Student290,ID1290,Female,9,8,6,9,6,0,0,9,Fail
Student291,ID1291,Female,0,7,9,8,7,9,8,9,Fail
Student292,ID1292,Female,6,7,6,6,9,7,7,9,Pass
Student293,ID1293,Female,0,7,9,8,8,0,9,8,Fail
Student294,ID1294,Male,7,6,7,7,7,9,0,7,Fail
Student295,ID1295,Male,8,8,9,7,9,6,7,7,Pass
Student296,ID1296,Male,0,9,6,8,8,8,8,7,Fail
Student297,ID1297,Male,6,6,6,9,9,8,7,6,Pass
Student298,ID1298,Female,7,8,9,9,0,9,8,9,Fail
Student299,ID1299,Female,9,9,7,7,8,6,8,9,Pass
Student300,ID1300,Female,7,8,7,0,0,8,9,9,Fail
Student301,ID1301,Male,0,6,9,0,6,7,6,8,Fail
Student302,ID1302,Female,9,0,7,7,7,0,6,0,Fail
Student303,ID1303,Female,6,6,6,7,0,7,9,6,Fail
Student304,ID1304,Female,9,6,9,8,6,6,8,9,Pass
Student305,ID1305,Female,6,6,8,9,9,6,9,6,Pass
Student306,ID1306,Male,6,8,6,6,7,6,7,9,Pass
Student307,ID1307,Male,6,6,7,8,6,9,6,7,Pass
Student308,ID1308,Female,7,9,7,6,8,8,7,8,Pass
Student309,ID1309,Male,0,8,9,7,6,7,9,9,Fail
Student310,ID1310,Female,7,0,8,7,0,7,9,8,Fail
Student311,ID1311,Male,7,6,8,7,6,9,0,8,Fail
Student312,ID1312,Male,8,0,7,8,8,0,7,7,Fail
Student313,ID1313,Male,6,6,6,9,9,8,0,8,Fail
Student314,ID1314,Male,8,9,6,0,9,7,6,8,Fail
Student315,ID1315,Female,8,7,7,0,7,6,9,8,Fail
Student316,ID1316,Male,9,8,8,6,7,6,9,7,Pass
Student317,ID1317,Male,9,9,6,9,8,9,8,9,Pass
Student318,ID1318,Male,9,6,6,7,6,6,6,6,Pass
Student319,ID1319,Male,7,6,8,6,7,7,6,7,Pass
Student320,ID1320,Male,9,8,9,7,8,8,0,0,Fail
Student321,ID1321,Female,9,9,9,9,9,8,7,9,Pass
Student322,ID1322,Female,8,7,9,7,8,9,0,0,Fail
Student323,ID1323,Male,6,9,0,7,7,7,0,8,Fail
Student324,ID1324,Male,9,0,6,6,8,8,7,9,Fail
Student325,ID1325,Female,9,6,6,6,6,7,8,8,Pass
Student326,ID1326,Male,9,9,7,6,7,6,7,9,Pass
Student327,ID1327,Female,8,6,7,7,8,6,7,7,Pass
Student328,ID1328,Female,6,6,6,9,7,9,8,9,Pass
Student329,ID1329,Female,8,6,7,7,0,9,9,7,Fail
Student330,ID1330,Male,9,8,7,7,7,9,6,8,Pass
Student331,ID1331,Female,8,7,6,8,8,9,8,6,Pass
Student332,ID1332,Female,8,8,9,9,0,8,9,8,Fail
Student333,ID1333,Female,9,9,6,8,7,7,7,8,Pass
Student334,ID1334,Female,6,0,6,6,9,8,9,6,Fail
Student335,ID1335,Male,9,6,0,8,8,9,7,6,Fail
Student336,ID1336,Female,0,7,9,8,8,8,9,9,Fail
Student337,ID1337,Female,8,9,6,9,7,7,8,6,Pass
Student338,ID1338,Male,8,9,0,9,0,7,7,9,Fail
Student339,ID1339,Female,6,8,6,6,9,9,6,9,Pass
Student340,ID1340,Female,6,7,9,8,6,9,8,7,Pass
Student341,ID1341,Male,7,6,9,7,6,8,6,6,Pass
Student342,ID1342,Male,8,9,8,7,9,7,9,6,Pass
Student343,ID1343,Female,9,7,7,7,8,6,7,6,Pass
Student344,ID1344,Male,7,7,6,9,7,8,9,7,Pass
Student345,ID1345,Male,9,9,7,8,8,7,6,6,Pass
Student346,ID1346,Male,6,7,8,6,7,8,9,7,Pass
Student347,ID1347,Female,9,6,7,6,9,7,6,6,Pass
Student348,ID1348,Female,8,7,8,8,8,7,9,9,Pass
Student349,ID1349,Female,6,7,7,9,9,6,7,9,Pass
Student350,ID1350,Male,7,6,9,9,0,6,8,6,Fail
Student351,ID1351,Female,7,8,8,6,6,6,9,6,Pass
Student352,ID1352,Male,0,6,7,6,0,9,7,7,Fail
Student353,ID1353,Male,7,7,6,6,8,9,9,6,Pass
Student354,ID1354,Female,9,7,8,7,6,8,8,7,Pass
Student355,ID1355,Male,6,8,7,9,6,8,6,8,Pass
Student356,ID1356,Female,6,8,0,8,8,9,6,6,Fail
Student357,ID1357,Male,9,8,9,9,6,6,0,8,Fail
Student358,ID1358,Female,9,8,6,7,6,8,7,6,Pass
Student359,ID1359,Female,8,6,8,6,7,7,8,7,Pass
Student360,ID1360,Female,8,9,6,9,7,8,9,9,Pass
Student361,ID1361,Female,8,7,6,8,7,8,8,6,Pass
Student362,ID1362,Male,7,8,7,0,8,9,9,7,Fail
Student363,ID1363,Female,8,7,7,7,6,8,7,0,Fail
Student364,ID1364,Female,9,6,6,8,8,8,9,0,Fail
Student365,ID1365,Male,8,7,6,6,7,0,9,9,Fail
Student366,ID1366,Female,0,7,0,9,9,8,8,0,Fail
Student367,ID1367,Male,7,9,7,7,9,7,6,7,Pass
Student368,ID1368,Female,6,7,7,6,7,6,6,9,Pass
Student369,ID1369,Male,9,9,7,7,8,6,8,6,Pass
Student370,ID1370,Male,9,9,9,7,7,7,8,6,Pass
Student371,ID1371,Male,9,7,6,8,7,7,9,6,Pass
Student372,ID1372,Female,9,7,8,9,7,7,7,9,Pass
Student373,ID1373,Male,6,0,8,6,8,7,9,6,Fail
Student374,ID1374,Male,8,0,8,0,7,7,6,9,Fail
Student375,ID1375,Male,6,9,7,7,8,7,8,7,Pass
Student376,ID1376,Male,6,6,7,0,9,9,8,6,Fail
Student377,ID1377,Male,8,8,8,8,9,9,8,9,Pass
Student378,ID1378,Female,8,6,9,8,6,9,7,9,Pass
Student379,ID1379,Male,6,8,9,8,9,8,8,9,Pass
Student380,ID1380,Female,6,9,0,7,7,9,6,9,Fail
Student381,ID1381,Female,8,8,6,9,8,6,8,6,Pass
Student382,ID1382,Male,7,6,9,6,6,9,7,9,Pass
Student383,ID1383,Male,7,7,6,9,9,9,9,7,Pass
Student384,ID1384,Male,0,0,0,6,8,8,8,7,Fail
Student385,ID1385,Female,7,9,7,7,6,7,6,9,Pass
Student386,ID1386,Female,6,8,7,6,6,9,8,7,Pass
Student387,ID1387,Female,9,6,6,8,6,8,6,9,Pass
Student388,ID1388,Male,8,9,8,6,7,8,7,7,Pass
Student389,ID1389,Male,7,8,7,0,6,6,8,9,Fail
Student390,ID1390,Female,7,9,9,6,8,6,8,6,Pass
Student391,ID1391,Female,9,6,6,9,8,6,9,8,Pass
Student392,ID1392,Male,7,0,6,8,7,6,0,9,Fail
Student393,ID1393,Male,9,0,9,0,6,6,8,7,Fail
Student394,ID1394,Female,6,9,9,8,6,9,8,7,Pass
Student395,ID1395,Male,7,8,7,6,8,7,7,8,Pass
Student396,ID1396,Female,9,7,6,7,7,6,7,9,Pass
Student397,ID1397,Female,7,6,9,6,8,6,9,6,Pass
Student398,ID1398,Male,6,7,9,9,7,8,8,7,Pass
Student399,ID1399,Male,9,7,7,7,9,9,6,7,Pass
Student400,ID1400,Male,9,8,9,6,7,8,8,9,Pass
Student401,ID1401,Male,7,7,7,6,9,9,8,0,Fail
Student402,ID1402,Female,6,9,6,6,6,8,6,9,Pass
Student403,ID1403,Male,6,6,9,7,7,9,8,8,Pass
Student404,ID1404,Male,8,9,7,9,6,9,7,9,Pass
Student405,ID1405,Female,7,9,6,9,8,0,8,9,Fail
Student406,ID1406,Female,7,6,9,9,9,7,6,7,Pass
Student407,ID1407,Male,7,7,9,8,6,6,7,7,Pass
Student408,ID1408,Female,6,6,7,9,9,7,9,7,Pass
Student409,ID1409,Male,0,0,6,9,8,8,9,7,Fail
Student410,ID1410,Male,6,7,9,9,8,8,8,7,Pass
Student411,ID1411,Male,9,6,6,0,8,9,9,7,Fail
Student412,ID1412,Female,0,6,7,7,6,9,6,7,Fail
Student413,ID1413,Female,6,7,9,9,6,9,8,6,Pass
Student414,ID1414,Female,7,7,7,9,0,6,9,6,Fail
Student415,ID1415,Female,9,9,9,0,6,8,6,7,Fail
Student416,ID1416,Male,9,7,9,6,6,6,8,9,Pass
Student417,ID1417,Female,6,8,7,8,9,6,8,6,Pass
Student418,ID1418,Male,7,0,6,6,9,6,7,6,Fail
Student419,ID1419,Male,9,6,6,7,9,9,7,9,Pass
Student420,ID1420,Male,0,7,7,9,8,8,8,6,Fail
Student421,ID1421,Female,8,6,8,6,6,6,0,7,Fail
Student422,ID1422,Male,9,7,9,7,6,0,6,7,Fail
Student423,ID1423,Male,8,7,8,8,7,6,6,9,Pass
Student424,ID1424,Female,6,9,7,9,8,6,6,8,Pass
Student425,ID1425,Male,9,7,8,0,6,7,8,8,Fail
Student426,ID1426,Female,7,7,6,6,9,6,8,9,Pass
Student427,ID1427,Male,8,8,8,9,9,8,6,9,Pass
Student428,ID1428,Female,6,6,9,7,9,8,8,9,Pass
Student429,ID1429,Male,9,6,9,8,6,9,6,8,Pass
Student430,ID1430,Female,6,7,7,9,6,6,8,7,Pass
Student431,ID1431,Female,9,9,9,6,6,6,7,9,Pass
Student432,ID1432,Male,9,8,6,7,9,9,9,9,Pass
Student433,ID1433,Female,7,8,7,9,7,8,7,7,Pass
Student434,ID1434,Male,9,7,9,9,7,7,9,9,Pass
Student435,ID1435,Female,0,7,9,7,7,8,7,6,Fail
Student436,ID1436,Male,0,7,8,9,8,7,8,8,Fail
Student437,ID1437,Female,6,7,8,7,6,9,8,9,Pass
Student438,ID1438,Female,9,9,0,8,9,6,8,6,Fail
Student439,ID1439,Male,7,6,8,8,7,9,6,6,Pass
Student440,ID1440,Male,7,9,6,7,8,8,9,0,Fail
Student441,ID1441,Female,6,9,6,7,6,8,7,9,Pass
Student442,ID1442,Female,6,7,7,9,8,6,9,8,Pass
Student443,ID1443,Male,7,7,0,7,6,9,9,7,Fail
Student444,ID1444,Female,9,6,6,6,8,9,0,9,Fail
Student445,ID1445,Male,8,6,7,9,6,6,8,7,Pass
Student446,ID1446,Male,9,9,7,7,6,6,6,7,Pass
Student447,ID1447,Female,8,6,8,0,7,7,9,8,Fail
Student448,ID1448,Female,0,7,7,7,7,0,6,8,Fail
Student449,ID1449,Female,8,7,8,7,8,6,9,9,Pass
Student450,ID1450,Female,7,7,6,7,7,9,8,7,Pass
Student451,ID1451,Male,6,8,0,8,9,0,6,9,Fail
Student452,ID1452,Male,8,8,7,7,8,7,6,8,Pass
Student453,ID1453,Female,9,9,9,9,9,6,6,0,Fail
Student454,ID1454,Male,6,6,9,7,6,9,0,6,Fail
Student455,ID1455,Male,9,7,9,9,6,6,6,7,Pass
Student456,ID1456,Male,0,8,6,9,9,6,6,6,Fail
Student457,ID1457,Female,6,7,7,7,8,9,9,8,Pass
Student458,ID1458,Male,7,6,8,7,7,8,7,7,Pass
Student459,ID1459,Male,8,8,7,7,8,7,8,9,Pass
Student460,ID1460,Male,9,8,9,9,6,9,6,7,Pass
Student461,ID1461,Male,8,9,8,8,9,6,7,7,Pass
Student462,ID1462,Male,6,8,6,0,6,9,8,9,Fail
Student463,ID1463,Female,8,9,0,8,9,9,8,6,Fail
Student464,ID1464,Female,6,6,6,8,8,6,7,6,Pass
Student465,ID1465,Male,6,0,9,7,8,9,8,8,Fail
Student466,ID1466,Female,9,6,9,8,6,7,6,0,Fail
Student467,ID1467,Female,7,8,9,7,8,8,0,0,Fail
Student468,ID1468,Female,8,7,0,7,6,9,8,7,Fail
Student469,ID1469,Male,9,6,6,0,9,6,7,9,Fail
Student470,ID1470,Female,8,7,8,8,0,7,6,6,Fail
Student471,ID1471,Male,8,7,9,8,6,7,8,8,Pass
Student472,ID1472,Female,7,9,7,8,9,6,8,6,Pass
Student473,ID1473,Female,6,6,7,8,6,9,7,7,Pass
Student474,ID1474,Female,6,6,0,6,7,6,8,9,Fail
Student475,ID1475,Male,8,6,7,7,9,9,8,8,Pass
Student476,ID1476,Male,9,9,9,6,8,8,8,6,Pass
Student477,ID1477,Female,6,9,7,8,6,7,6,7,Pass
Student478,ID1478,Male,8,6,8,8,6,6,9,6,Pass
Student479,ID1479,Male,8,6,6,7,6,7,7,8,Pass
Student480,ID1480,Male,8,6,8,8,0,7,7,6,Fail
Student481,ID1481,Female,6,6,6,6,6,9,7,6,Pass
Student482,ID1482,Male,8,7,0,9,7,8,9,7,Fail
Student483,ID1483,Female,7,8,8,0,8,6,8,7,Fail
Student484,ID1484,Male,7,8,6,7,7,9,9,0,Fail
Student485,ID1485,Male,7,0,9,0,8,6,6,7,Fail
Student486,ID1486,Male,6,8,9,8,8,0,8,7,Fail
Student487,ID1487,Female,6,7,0,8,9,9,7,6,Fail
Student488,ID1488,Female,9,8,9,6,7,9,8,7,Pass
Student489,ID1489,Female,8,7,7,7,9,8,6,7,Pass
Student490,ID1490,Female,8,7,8,9,7,8,8,9,Pass
Student491,ID1491,Male,6,8,7,6,0,7,8,6,Fail
Student492,ID1492,Male,7,8,6,8,8,9,6,8,Pass
Student493,ID1493,Male,6,0,7,8,9,6,6,9,Fail
Student494,ID1494,Male,7,6,7,8,7,8,9,6,Pass
Student495,ID1495,Male,9,7,6,6,8,8,8,9,Pass
Student496,ID1496,Male,6,9,8,9,9,6,6,8,Pass
Student497,ID1497,Female,9,8,9,9,6,9,6,7,Pass
Student498,ID1498,Male,6,9,0,6,6,8,7,9,Fail
Student499,ID1499,Female,7,6,9,0,6,9,6,0,Fail
Student500,ID1500,Male,8,6,6,6,9,8,8,6,Pass
Student501,ID1501,Male,6,8,7,7,9,6,7,9,Pass
Student502,ID1502,Female,6,8,9,6,8,6,8,7,Pass
Student503,ID1503,Male,8,9,7,9,7,8,9,8,Pass
Student504,ID1504,Male,9,8,6,8,7,0,8,7,Fail
Student505,ID1505,Female,6,8,8,0,6,8,6,9,Fail
Student506,ID1506,Female,7,8,7,6,7,6,9,8,Pass
Student507,ID1507,Male,6,8,8,8,6,8,9,8,Pass
Student508,ID1508,Male,9,9,7,7,6,8,9,9,Pass
Student509,ID1509,Female,6,9,0,9,6,6,9,8,Fail
Student510,ID1510,Male,8,8,9,6,8,7,6,6,Pass
Student511,ID1511,Female,8,8,8,7,8,9,9,0,Fail
Student512,ID1512,Female,7,8,6,6,0,0,7,8,Fail
Student513,ID1513,Female,8,8,9,9,8,8,7,8,Pass
Student514,ID1514,Male,0,8,7,9,7,7,9,7,Fail
Student515,ID1515,Female,7,9,8,9,8,9,8,7,Pass
Student516,ID1516,Male,9,6,6,8,6,8,8,7,Pass
Student517,ID1517,Male,0,8,7,8,6,6,7,9,Fail
Student518,ID1518,Male,7,9,7,8,9,8,8,6,Pass
Student519,ID1519,Female,7,9,9,7,8,8,7,9,Pass
Student520,ID1520,Male,6,7,6,9,9,8,8,7,Pass
Student521,ID1521,Female,6,8,6,0,7,8,6,9,Fail
Student522,ID1522,Female,6,6,7,6,9,6,8,0,Fail
Student523,ID1523,Female,6,9,6,8,9,8,6,6,Pass
Student524,ID1524,Female,9,6,7,7,7,7,8,7,Pass
Student525,ID1525,Female,7,8,9,8,0,0,8,6,Fail
Student526,ID1526,Male,8,7,8,6,9,9,6,8,Pass
Student527,ID1527,Male,0,7,6,8,6,7,8,9,Fail
Student528,ID1528,Male,6,7,7,8,0,8,7,8,Fail
Student529,ID1529,Female,7,7,6,6,8,9,7,7,Pass
Student530,ID1530,Male,7,7,9,6,0,7,9,7,Fail
Student531,ID1531,Male,8,6,7,7,6,6,0,6,Fail
Student532,ID1532,Female,9,8,7,6,7,6,9,9,Pass
Student533,ID1533,Male,9,6,0,6,6,8,7,7,Fail
Student534,ID1534,Female,6,9,6,6,9,6,9,6,Pass
Student535,ID1535,Female,7,9,9,7,7,8,8,9,Pass
Student536,ID1536,Female,7,7,6,6,7,9,6,9,Pass
Student537,ID1537,Female,7,0,6,8,7,6,6,9,Fail
Student538,ID1538,Female,6,6,9,6,8,8,7,6,Pass
Student539,ID1539,Female,9,6,9,7,7,9,7,9,Pass
Student540,ID1540,Male,7,0,8,9,8,8,8,7,Fail
Student541,ID1541,Female,6,8,9,8,9,8,0,8,Fail
Student542,ID1542,Male,6,6,7,7,8,9,7,9,Pass
Student543,ID1543,Male,7,6,8,7,8,7,9,6,Pass
Student544,ID1544,Male,8,7,6,8,6,6,7,7,Pass
Student545,ID1545,Female,8,6,9,0,7,8,7,8,Fail
Student546,ID1546,Male,9,7,7,6,6,8,7,8,Pass
Student547,ID1547,Female,9,9,9,8,6,6,6,6,Pass
Student548,ID1548,Female,8,7,8,6,8,9,7,9,Pass
Student549,ID1549,Female,0,9,8,7,8,7,8,7,Fail
Student550,ID1550,Male,8,6,7,7,8,9,8,9,Pass
Student551,ID1551,Female,8,9,7,8,6,6,6,7,Pass
Student552,ID1552,Female,6,8,0,7,9,6,8,9,Fail
Student553,ID1553,Male,7,8,7,7,7,7,9,7,Pass
Student554,ID1554,Female,9,9,6,6,0,8,0,7,Fail
Student555,ID1555,Female,9,9,9,7,6,7,6,0,Fail
Student556,ID1556,Female,7,6,6,8,7,0,9,8,Fail
Student557,ID1557,Female,7,7,7,6,7,6,9,0,Fail
Student558,ID1558,Female,9,9,7,8,0,8,7,8,Fail
Student559,ID1559,Female,8,9,9,9,7,6,0,7,Fail
Student560,ID1560,Male,9,9,6,0,6,6,7,9,Fail
Student561,ID1561,Female,8,8,6,6,7,6,8,7,Pass
Student562,ID1562,Male,7,9,7,7,6,6,9,7,Pass
Student563,ID1563,Female,7,8,8,7,7,8,7,9,Pass
Student564,ID1564,Male,6,9,6,7,7,7,6,7,Pass
Student565,ID1565,Female,7,7,6,6,9,7,7,8,Pass
Student566,ID1566,Male,8,8,8,8,8,7,7,9,Pass
Student567,ID1567,Male,9,7,8,0,0,7,0,7,Fail
Student568,ID1568,Female,6,9,6,9,6,6,9,7,Pass
Student569,ID1569,Male,9,6,7,7,7,7,9,7,Pass
Student570,ID1570,Male,8,8,6,6,8,8,7,8,Pass
Student571,ID1571,Female,9,8,6,6,9,7,8,7,Pass
Student572,ID1572,Female,6,0,0,6,9,7,0,0,Fail
Student573,ID1573,Male,6,7,6,9,0,8,6,6,Fail
Student574,ID1574,Female,7,8,7,8,6,8,9,6,Pass
Student575,ID1575,Male,6,7,8,6,7,6,9,9,Pass
Student576,ID1576,Female,6,8,6,8,7,8,6,8,Pass
Student577,ID1577,Female,8,9,6,7,7,7,9,6,Pass
Student578,ID1578,Male,8,7,9,7,7,7,9,8,Pass
Student579,ID1579,Male,6,9,7,7,9,8,8,9,Pass
Student580,ID1580,Male,9,6,9,6,7,6,7,9,Pass
Student581,ID1581,Female,8,9,7,6,6,8,9,9,Pass
Student582,ID1582,Female,7,9,8,7,7,6,8,8,Pass
Student583,ID1583,Female,9,8,6,8,9,6,9,9,Pass
Student584,ID1584,Male,6,0,9,7,9,6,9,9,Fail
Student585,ID1585,Male,9,6,8,8,9,8,7,7,Pass
Student586,ID1586,Male,7,8,9,8,9,7,8,6,Pass
Student587,ID1587,Female,8,8,7,0,8,9,6,9,Fail
Student588,ID1588,Male,9,9,9,8,7,9,9,9,Pass
Student589,ID1589,Female,6,7,9,6,7,9,8,9,Pass
Student590,ID1590,Male,6,6,6,6,6,7,7,9,Pass
Student591,ID1591,Male,0,9,8,7,9,8,7,7,Fail
Student592,ID1592,Female,9,6,6,8,7,6,9,6,Pass
Student593,ID1593,Female,7,8,6,0,6,6,8,8,Fail
Student594,ID1594,Male,8,6,6,6,8,8,7,8,Pass
Student595,ID1595,Male,9,7,9,8,7,8,7,8,Pass
Student596,ID1596,Male,8,8,6,7,0,0,6,8,Fail
Student597,ID1597,Female,6,7,6,0,6,7,7,7,Fail
Student598,ID1598,Female,7,7,8,6,6,8,7,7,Pass
Student599,ID1599,Female,8,9,7,0,6,9,6,9,Fail
Student600,ID1600,Female,0,6,8,8,7,9,7,9,Fail
Student601,ID1601,Female,8,8,8,8,9,8,9,9,Pass
Student602,ID1602,Female,7,8,9,8,9,6,9,9,Pass
Student603,ID1603,Female,9,9,6,7,7,6,9,6,Pass
Student604,ID1604,Female,7,6,6,6,9,7,6,9,Pass
Student605,ID1605,Female,9,6,6,8,7,8,9,0,Fail
Student606,ID1606,Female,9,6,6,6,8,9,0,8,Fail
Student607,ID1607,Male,7,7,8,6,6,9,6,7,Pass
Student608,ID1608,Male,0,8,9,7,6,9,9,7,Fail
Student609,ID1609,Female,7,7,6,6,6,8,7,8,Pass
Student610,ID1610,Female,9,7,0,7,9,0,7,9,Fail
Student611,ID1611,Female,8,9,0,7,6,9,7,8,Fail
Student612,ID1612,Female,9,7,6,8,9,8,0,6,Fail
Student613,ID1613,Male,9,8,9,9,7,7,7,6,Pass
Student614,ID1614,Male,8,0,0,8,8,6,7,7,Fail
Student615,ID1615,Male,0,6,8,7,6,0,7,8,Fail
Student616,ID1616,Male,8,7,6,8,6,9,7,6,Pass
Student617,ID1617,Male,9,8,7,7,6,7,8,6,Pass
Student618,ID1618,Female,0,9,9,7,9,9,8,6,Fail
Student619,ID1619,Female,9,7,7,7,8,6,9,9,Pass
Student620,ID1620,Female,7,9,9,8,6,6,8,7,Pass
Student621,ID1621,Male,0,8,6,8,7,9,9,8,Fail
Student622,ID1622,Female,9,9,8,9,9,6,6,7,Pass
Student623,ID1623,Male,6,6,8,9,9,8,6,7,Pass
Student624,ID1624,Male,6,8,6,6,8,9,9,7,Pass
Student625,ID1625,Male,6,8,6,7,0,6,9,7,Fail
Student626,ID1626,Female,6,0,6,6,0,8,8,6,Fail
Student627,ID1627,Male,6,9,0,0,6,7,9,6,Fail
Student628,ID1628,Female,6,6,8,7,7,7,7,7,Pass
Student629,ID1629,Female,7,8,8,9,7,7,9,8,Pass
Student630,ID1630,Female,8,6,6,8,8,6,6,6,Pass
Student631,ID1631,Female,6,9,8,8,6,8,7,8,Pass
Student632,ID1632,Male,9,8,8,9,8,9,6,9,Pass
Student633,ID1633,Male,8,7,8,7,9,7,0,6,Fail
Student634,ID1634,Female,9,8,9,8,6,6,6,9,Pass
Student635,ID1635,Male,7,9,8,7,9,7,9,6,Pass
Student636,ID1636,Female,0,7,6,6,7,6,9,9,Fail
Student637,ID1637,Female,9,9,9,6,7,6,8,0,Fail
Student638,ID1638,Male,9,0,6,9,8,7,8,9,Fail
Student639,ID1639,Male,8,9,8,7,6,6,0,7,Fail
Student640,ID1640,Female,6,6,8,8,7,9,6,7,Pass
Student641,ID1641,Male,7,6,6,9,9,7,9,7,Pass
Student642,ID1642,Male,6,7,6,8,7,6,6,8,Pass
Student643,ID1643,Female,8,6,7,7,8,7,7,8,Pass
Student644,ID1644,Female,7,7,8,8,7,6,7,9,Pass
Student645,ID1645,Male,8,9,8,6,8,9,7,7,Pass
Student646,ID1646,Female,8,7,6,8,9,9,7,9,Pass
Student647,ID1647,Female,9,9,7,9,9,9,8,7,Pass
Student648,ID1648,Male,9,7,9,9,7,8,8,6,Pass
Student649,ID1649,Female,8,9,8,9,7,8,8,6,Pass
Student650,ID1650,Female,0,6,6,6,0,7,8,7,Fail
Student651,ID1651,Female,9,6,9,8,8,8,8,0,Fail
Student652,ID1652,Male,9,8,8,6,6,8,7,8,Pass
Student653,ID1653,Male,9,6,6,6,9,6,8,9,Pass
Student654,ID1654,Female,8,8,0,8,9,9,8,8,Fail
Student655,ID1655,Male,6,8,9,7,6,7,9,9,Pass
Student656,ID1656,Female,6,7,6,8,8,7,8,6,Pass
Student657,ID1657,Male,7,8,8,9,6,0,9,6,Fail
Student658,ID1658,Male,8,7,8,6,8,6,8,8,Pass
Student659,ID1659,Male,6,6,6,8,8,9,6,8,Pass
Student660,ID1660,Male,6,7,9,8,6,7,6,7,Pass
Student661,ID1661,Male,6,7,6,0,8,8,9,7,Fail
Student662,ID1662,Male,9,6,6,6,9,0,9,9,Fail
Student663,ID1663,Male,0,9,7,7,6,6,6,8,Fail
Student664,ID1664,Male,8,7,8,6,9,8,9,0,Fail
Student665,ID1665,Female,8,0,6,8,6,6,7,8,Fail
Student666,ID1666,Female,7,0,8,0,7,8,6,8,Fail
Student667,ID1667,Male,8,9,9,8,6,8,7,8,Pass
Student668,ID1668,Male,9,9,8,7,8,8,8,7,Pass
Student669,ID1669,Male,8,8,8,8,9,8,8,9,Pass
Student670,ID1670,Female,7,8,8,7,8,7,7,9,Pass
Student671,ID1671,Male,7,6,0,9,8,0,0,7,Fail
Student672,ID1672,Male,6,6,9,6,6,8,8,7,Pass
Student673,ID1673,Female,9,8,9,7,0,6,9,8,Fail
Student674,ID1674,Female,6,8,9,6,0,9,9,9,Fail
Student675,ID1675,Male,0,6,7,9,6,8,9,8,Fail
Student676,ID1676,Male,8,9,0,6,8,8,9,7,Fail
Student677,ID1677,Female,8,7,0,8,6,8,7,6,Fail
Student678,ID1678,Male,9,7,7,0,6,8,8,8,Fail
Student679,ID1679,Female,7,9,8,9,0,8,6,8,Fail
Student680,ID1680,Female,6,7,7,6,9,8,9,6,Pass
Student681,ID1681,Male,6,7,6,8,6,7,6,0,Fail
Student682,ID1682,Male,7,0,9,8,8,9,9,6,Fail
Student683,ID1683,Female,8,9,7,6,8,6,6,8,Pass
Student684,ID1684,Male,7,8,7,9,9,7,9,6,Pass
Student685,ID1685,Female,8,9,8,6,6,6,6,7,Pass
Student686,ID1686,Male,9,8,6,8,0,8,9,9,Fail
Student687,ID1687,Female,6,9,9,6,6,8,8,8,Pass
Student688,ID1688,Female,9,6,6,8,7,7,7,7,Pass
Student689,ID1689,Female,8,8,8,8,6,7,0,6,Fail
Student690,ID1690,Female,9,7,6,7,8,9,9,6,Pass
Student691,ID1691,Female,6,8,7,9,0,6,7,9,Fail
Student692,ID1692,Female,7,8,8,7,0,8,8,8,Fail
Student693,ID1693,Female,6,6,7,7,8,6,8,9,Pass
Student694,ID1694,Male,0,8,9,8,7,8,9,8,Fail
Student695,ID1695,Female,8,0,8,6,8,6,9,9,Fail
Student696,ID1696,Male,6,6,7,8,9,6,6,8,Pass
Student697,ID1697,Male,8,8,8,7,8,6,7,6,Pass
Student698,ID1698,Male,9,9,7,6,8,6,8,7,Pass
Student699,ID1699,Female,8,8,7,7,9,0,6,0,Fail
Student700,ID1700,Female,8,7,9,6,9,9,6,7,Pass
Student701,ID1701,Male,6,8,9,6,0,8,7,7,Fail
Student702,ID1702,Male,9,6,9,7,6,7,9,9,Pass
Student703,ID1703,Male,7,6,7,7,7,9,9,7,Pass
Student704,ID1704,Male,0,0,9,8,7,6,9,7,Fail
Student705,ID1705,Male,6,7,8,9,8,8,7,7,Pass
Student706,ID1706,Female,8,6,6,9,9,6,7,8,Pass
Student707,ID1707,Male,7,0,7,7,8,7,7,6,Fail
Student708,ID1708,Male,9,7,6,9,9,8,8,7,Pass
Student709,ID1709,Female,8,8,9,9,8,9,6,8,Pass
Student710,ID1710,Male,9,9,9,7,6,6,8,7,Pass
Student711,ID1711,Female,9,8,8,7,7,6,6,9,Pass
Student712,ID1712,Male,8,8,9,7,8,8,6,8,Pass
Student713,ID1713,Female,7,8,7,7,6,0,8,7,Fail
Student714,ID1714,Female,8,6,6,9,6,6,7,8,Pass
Student715,ID1715,Male,8,0,0,8,9,6,0,7,Fail
Student716,ID1716,Male,6,8,8,7,9,9,9,8,Pass
Student717,ID1717,Female,6,6,9,9,9,6,7,8,Pass
Student718,ID1718,Female,7,9,9,9,7,9,7,9,Pass
Student719,ID1719,Male,8,8,8,8,9,6,9,7,Pass
Student720,ID1720,Male,7,0,7,9,7,6,6,7,Fail
Student721,ID1721,Female,6,7,6,9,9,6,9,6,Pass
Student722,ID1722,Female,9,6,6,8,7,8,9,6,Pass
Student723,ID1723,Female,9,6,8,8,7,9,7,7,Pass
Student724,ID1724,Female,8,6,8,9,0,7,8,6,Fail
Student725,ID1725,Female,9,8,6,6,8,7,6,9,Pass
Student726,ID1726,Female,9,7,0,8,7,8,6,6,Fail
Student727,ID1727,Male,6,7,6,8,9,8,6,6,Pass
Student728,ID1728,Female,7,8,7,8,6,9,7,8,Pass
Student729,ID1729,Female,6,7,7,6,6,0,8,9,Fail
Student730,ID1730,Male,8,7,9,6,7,6,8,6,Pass
Student731,ID1731,Female,7,0,6,6,7,9,6,0,Fail
Student732,ID1732,Male,9,9,7,9,7,7,7,7,Pass
Student733,ID1733,Male,9,9,9,9,9,8,8,6,Pass
Student734,ID1734,Female,6,8,7,7,8,8,8,8,Pass
Student735,ID1735,Male,8,6,9,7,6,0,7,9,Fail
Student736,ID1736,Male,8,6,7,6,7,8,7,0,Fail
Student737,ID1737,Female,8,7,8,8,6,9,9,8,Pass
Student738,ID1738,Female,0,7,7,6,9,8,8,8,Fail
Student739,ID1739,Male,6,9,7,0,8,7,7,6,Fail
Student740,ID1740,Male,6,9,7,9,6,9,9,8,Pass
Student741,ID1741,Female,9,8,8,6,8,9,6,6,Pass
Student742,ID1742,Female,6,0,8,6,8,0,8,7,Fail
Student743,ID1743,Male,7,0,6,6,9,8,6,8,Fail
Student744,ID1744,Female,6,0,6,0,7,8,6,7,Fail
Student745,ID1745,Female,7,6,7,7,7,7,7,6,Pass
Student746,ID1746,Male,8,9,6,8,8,8,9,8,Pass
Student747,ID1747,Female,6,8,8,7,0,6,8,8,Fail
Student748,ID1748,Female,6,7,6,7,9,7,7,6,Pass
Student749,ID1749,Male,8,9,7,7,9,7,9,9,Pass
Student750,ID1750,Female,9,8,7,6,6,7,8,8,Pass
Student751,ID1751,Female,7,6,6,6,8,6,9,8,Pass
Student752,ID1752,Female,8,6,9,7,7,9,0,8,Fail
Student753,ID1753,Female,9,8,7,8,6,9,6,6,Pass
Student754,ID1754,Male,7,7,6,7,0,6,0,6,Fail
Student755,ID1755,Female,9,6,7,0,7,8,8,0,Fail
Student756,ID1756,Male,6,7,8,7,6,7,8,7,Pass
Student757,ID1757,Male,6,6,7,9,8,8,7,9,Pass
Student758,ID1758,Male,9,0,7,7,8,7,9,6,Fail
Student759,ID1759,Male,8,7,6,6,6,7,6,9,Pass
Student760,ID1760,Female,8,7,6,7,7,6,8,6,Pass
Student761,ID1761,Male,9,8,7,9,7,7,7,0,Fail
Student762,ID1762,Male,9,7,9,8,8,0,6,7,Fail
Student763,ID1763,Male,8,7,7,8,6,7,7,7,Pass
Student764,ID1764,Female,9,6,7,9,6,6,8,0,Fail
Student765,ID1765,Female,8,6,6,9,0,9,6,0,Fail
Student766,ID1766,Male,9,7,8,6,8,0,8,9,Fail
Student767,ID1767,Male,7,7,8,6,9,6,7,9,Pass
Student768,ID1768,Female,6,6,9,7,8,8,8,7,Pass
Student769,ID1769,Male,7,9,8,7,8,7,7,9,Pass
Student770,ID1770,Male,6,8,7,6,7,9,8,7,Pass
Student771,ID1771,Male,7,7,6,8,7,6,7,8,Pass
Student772,ID1772,Female,7,7,6,7,9,7,7,6,Pass
Student773,ID1773,Male,7,9,9,9,6,6,6,6,Pass
Student774,ID1774,Male,9,8,6,8,8,9,7,6,Pass
Student775,ID1775,Female,7,8,8,8,8,7,8,9,Pass
Student776,ID1776,Male,8,7,7,8,0,8,6,8,Fail
Student777,ID1777,Female,6,6,0,6,8,8,6,7,Fail
Student778,ID1778,Female,8,6,8,6,6,9,9,9,Pass
Student779,ID1779,Male,6,7,9,6,6,7,9,6,Pass
Student780,ID1780,Male,9,6,6,6,7,6,7,6,Pass
Student781,ID1781,Female,9,9,6,0,6,7,8,9,Fail
Student782,ID1782,Female,9,9,8,9,8,9,6,7,Pass
Student783,ID1783,Female,6,9,9,9,9,7,8,7,Pass
Student784,ID1784,Male,7,6,6,8,9,9,8,6,Pass
Student785,ID1785,Male,0,7,6,7,6,8,9,7,Fail
Student786,ID1786,Female,6,9,0,8,8,8,6,7,Fail
Student787,ID1787,Male,8,6,7,6,6,0,6,7,Fail
Student788,ID1788,Male,8,9,7,6,8,7,9,8,Pass
Student789,ID1789,Male,9,9,0,9,9,9,6,9,Fail
Student790,ID1790,Male,7,6,8,8,6,6,8,7,Pass
Student791,ID1791,Female,6,7,0,7,7,6,6,8,Fail
Student792,ID1792,Male,6,7,9,7,8,6,9,9,Pass
Student793,ID1793,Male,6,9,9,9,9,6,9,8,Pass
Student794,ID1794,Male,8,0,6,8,6,8,0,7,Fail
Student795,ID1795,Male,9,8,6,9,6,6,7,7,Pass
Student796,ID1796,Male,7,9,7,7,6,7,8,7,Pass
Student797,ID1797,Female,9,0,7,9,0,9,8,6,Fail
Student798,ID1798,Female,8,0,6,0,9,7,6,6,Fail
Student799,ID1799,Male,8,0,9,6,0,7,6,0,Fail
Student800,ID1800,Male,7,8,7,7,7,7,6,9,Pass
Student801,ID1801,Female,9,7,9,8,0,7,9,7,Fail
Student802,ID1802,Female,8,9,9,6,6,6,8,6,Pass
Student803,ID1803,Female,8,9,7,7,7,9,9,8,Pass
Student804,ID1804,Male,7,8,8,7,9,7,8,8,Pass
Student805,ID1805,Male,8,8,8,7,9,7,8,7,Pass
Student806,ID1806,Male,7,8,9,9,6,7,9,9,Pass
Student807,ID1807,Female,0,6,7,8,9,6,7,9,Fail
Student808,ID1808,Female,9,9,7,8,9,0,8,8,Fail
Student809,ID1809,Female,0,6,8,7,9,0,9,7,Fail
Student810,ID1810,Male,7,7,7,9,9,0,9,9,Fail
Student811,ID1811,Female,7,8,6,9,7,7,8,9,Pass
Student812,ID1812,Female,6,6,9,9,6,8,9,7,Pass
Student813,ID1813,Male,9,9,9,8,8,8,6,6,Pass
Student814,ID1814,Female,7,6,6,7,9,6,8,7,Pass
Student815,ID1815,Female,7,9,0,7,9,9,7,6,Fail
Student816,ID1816,Male,9,9,9,7,9,6,9,0,Fail
Student817,ID1817,Male,7,7,8,9,8,7,6,7,Pass
Student818,ID1818,Male,8,7,6,6,8,6,9,6,Pass
Student819,ID1819,Male,8,6,7,9,8,9,8,6,Pass
Student820,ID1820,Male,7,7,6,7,7,7,7,8,Pass
Student821,ID1821,Male,6,8,7,9,6,8,8,7,Pass
Student822,ID1822,Female,8,9,7,9,6,9,8,9,Pass
Student823,ID1823,Male,7,7,8,9,8,0,9,7,Fail
Student824,ID1824,Male,7,6,9,6,8,6,7,9,Pass
Student825,ID1825,Female,9,8,9,9,9,9,6,7,Pass
Student826,ID1826,Male,7,6,9,9,0,9,8,9,Fail
Student827,ID1827,Male,8,7,8,7,9,9,0,8,Fail
Student828,ID1828,Male,7,0,6,0,8,8,6,6,Fail
Student829,ID1829,Male,6,9,8,8,9,6,7,7,Pass
Student830,ID1830,Male,9,6,6,6,9,8,9,6,Pass
Student831,ID1831,Male,6,6,8,7,7,9,6,9,Pass
Student832,ID1832,Male,7,8,7,7,9,9,0,6,Fail
Student833,ID1833,Female,6,7,6,7,7,8,7,6,Pass
Student834,ID1834,Male,6,9,7,6,6,8,7,8,Pass
Student835,ID1835,Female,0,8,8,8,7,6,7,7,Fail
Student836,ID1836,Male,0,0,6,7,7,7,6,7,Fail
Student837,ID1837,Male,8,9,9,9,7,7,6,7,Pass
Student838,ID1838,Male,8,7,0,9,6,8,6,7,Fail
Student839,ID1839,Female,9,9,6,7,6,8,6,8,Pass
Student840,ID1840,Female,8,6,7,7,6,9,6,6,Pass
Student841,ID1841,Male,6,6,7,6,8,6,6,7,Pass
Student842,ID1842,Male,9,8,8,8,8,8,9,8,Pass
Student843,ID1843,Female,8,9,7,8,9,6,8,8,Pass
Student844,ID1844,Male,9,8,9,6,7,8,9,9,Pass
Student845,ID1845,Male,7,6,7,7,9,8,9,0,Fail
Student846,ID1846,Female,7,9,7,7,0,7,7,9,Fail
Student847,ID1847,Female,8,6,8,7,7,9,7,6,Pass
Student848,ID1848,Female,6,0,6,0,6,8,9,9,Fail
Student849,ID1849,Male,7,7,8,8,0,7,9,8,Fail
Student850,ID1850,Female,7,7,7,9,6,6,6,9,Pass
Student851,ID1851,Male,6,9,7,7,6,6,7,9,Pass
Student852,ID1852,Female,6,9,8,6,6,8,7,9,Pass
Student853,ID1853,Male,6,7,8,9,7,6,6,6,Pass
Student854,ID1854,Male,7,6,9,7,6,6,6,9,Pass
Student855,ID1855,Male,8,6,6,9,9,0,9,9,Fail
Student856,ID1856,Male,9,6,9,6,6,8,6,6,Pass
Student857,ID1857,Male,8,9,9,6,8,9,8,8,Pass
Student858,ID1858,Male,9,9,0,7,6,6,7,8,Fail
Student859,ID1859,Male,7,6,8,8,9,6,7,7,Pass
Student860,ID1860,Female,6,7,8,9,7,7,6,8,Pass
Student861,ID1861,Female,8,7,7,9,8,8,8,7,Pass
Student862,ID1862,Female,7,9,7,9,7,8,6,8,Pass
Student863,ID1863,Female,7,8,6,6,6,6,9,6,Pass
Student864,ID1864,Male,8,8,9,8,9,9,7,7,Pass
Student865,ID1865,Female,7,0,9,8,7,7,8,8,Fail
Student866,ID1866,Male,9,9,8,7,9,9,6,6,Pass
Student867,ID1867,Male,8,6,9,8,9,8,7,8,Pass
Student868,ID1868,Male,9,6,9,9,7,7,8,7,Pass
Student869,ID1869,Male,7,7,0,6,6,9,7,8,Fail
Student870,ID1870,Female,6,7,8,6,0,9,9,7,Fail
Student871,ID1871,Female,9,8,6,6,8,9,7,9,Pass
Student872,ID1872,Female,6,9,0,7,9,6,7,9,Fail
Student873,ID1873,Male,7,0,0,8,7,9,8,6,Fail
Student874,ID1874,Male,8,7,8,9,6,6,9,8,Pass
Student875,ID1875,Female,9,9,9,6,7,8,9,8,Pass
Student876,ID1876,Female,9,7,8,9,9,6,6,9,Pass
Student877,ID1877,Male,6,7,9,9,6,8,8,8,Pass
Student878,ID1878,Male,8,6,9,7,0,8,8,6,Fail
Student879,ID1879,Male,0,6,6,8,6,9,9,6,Fail
Student880,ID1880,Male,8,6,7,8,7,8,6,7,Pass
Student881,ID1881,Female,6,9,9,0,7,7,7,8,Fail
Student882,ID1882,Female,6,8,7,9,0,7,8,9,Fail
Student883,ID1883,Female,0,8,8,9,6,8,8,9,Fail
Student884,ID1884,Female,7,8,7,6,8,0,7,6,Fail
Student885,ID1885,Male,7,0,9,8,9,0,0,6,Fail
Student886,ID1886,Male,8,7,8,8,8,7,7,9,Pass
Student887,ID1887,Female,7,6,8,8,7,7,8,8,Pass
Student888,ID1888,Male,9,6,6,9,8,9,9,6,Pass
Student889,ID1889,Male,9,8,6,7,8,0,6,8,Fail
Student890,ID1890,Male,8,7,6,7,9,8,6,8,Pass
Student891,ID1891,Female,0,8,9,9,7,0,8,9,Fail
Student892,ID1892,Female,8,6,7,8,7,6,9,9,Pass
Student893,ID1893,Male,6,6,6,6,9,9,8,6,Pass
Student894,ID1894,Male,6,9,8,8,9,6,9,6,Pass
Student895,ID1895,Female,9,8,8,8,9,7,9,9,Pass
Student896,ID1896,Female,7,7,7,7,8,9,7,9,Pass
Student897,ID1897,Female,7,9,8,0,6,6,8,7,Fail
Student898,ID1898,Male,9,7,6,7,6,9,6,8,Pass
Student899,ID1899,Male,0,6,6,0,8,9,7,6,Fail
Student900,ID1900,Male,7,6,6,8,7,0,6,8,Fail
Student901,ID1901,Male,7,9,7,6,9,9,7,6,Pass
Student902,ID1902,Male,8,8,8,6,8,8,9,6,Pass
Student903,ID1903,Female,7,9,8,9,0,9,6,7,Fail
Student904,ID1904,Male,6,9,6,7,7,6,6,7,Pass
Student905,ID1905,Female,7,7,8,0,9,7,9,7,Fail
Student906,ID1906,Female,9,6,8,9,9,8,8,7,Pass
Student907,ID1907,Female,7,6,7,8,9,7,8,9,Pass
Student908,ID1908,Female,7,6,9,8,7,7,6,6,Pass
Student909,ID1909,Male,8,6,6,7,9,6,9,7,Pass
Student910,ID1910,Male,8,7,7,7,9,7,0,6,Fail
Student911,ID1911,Female,6,9,7,9,9,7,7,9,Pass
Student912,ID1912,Male,6,9,9,8,9,7,9,6,Pass
Student913,ID1913,Male,9,9,9,7,8,7,9,9,Pass
Student914,ID1914,Female,7,8,9,7,9,7,0,7,Fail
Student915,ID1915,Male,7,7,7,7,7,7,6,9,Pass
Student916,ID1916,Female,9,8,7,9,6,7,8,9,Pass
Student917,ID1917,Male,6,7,8,7,6,7,7,6,Pass
Student918,ID1918,Male,6,7,7,6,8,9,8,7,Pass
Student919,ID1919,Male,6,7,7,7,8,6,8,8,Pass
Student920,ID1920,Male,9,9,6,8,9,7,6,9,Pass
Student921,ID1921,Male,7,9,7,7,9,8,6,7,Pass
Student922,ID1922,Male,9,6,7,9,7,9,7,9,Pass
Student923,ID1923,Female,7,6,9,6,6,8,6,7,Pass
Student924,ID1924,Female,8,8,0,8,7,7,6,8,Fail
Student925,ID1925,Male,8,0,6,7,6,7,6,9,Fail
Student926,ID1926,Female,9,6,8,8,9,6,9,9,Pass
Student927,ID1927,Male,6,7,8,7,6,7,7,8,Pass
Student928,ID1928,Female,9,8,0,6,6,7,6,8,Fail
Student929,ID1929,Female,7,6,8,6,8,9,7,8,Pass
Student930,ID1930,Female,6,6,6,9,7,7,9,0,Fail
Student931,ID1931,Female,0,6,9,6,8,6,6,6,Fail
Student932,ID1932,Female,9,7,7,8,8,6,8,0,Fail
Student933,ID1933,Female,7,8,6,7,7,6,7,8,Pass
Student934,ID1934,Male,9,9,6,9,0,6,9,7,Fail
Student935,ID1935,Male,7,6,8,8,6,8,6,6,Pass
Student936,ID1936,Female,9,8,6,9,8,7,9,9,Pass
Student937,ID1937,Female,8,8,6,9,7,6,7,9,Pass
Student938,ID1938,Male,6,8,7,0,9,9,9,8,Fail
Student939,ID1939,Male,8,9,7,9,6,9,6,8,Pass
Student940,ID1940,Male,6,7,7,9,9,6,8,9,Pass
Student941,ID1941,Female,7,6,8,8,8,7,8,8,Pass
Student942,ID1942,Female,6,9,7,0,6,9,8,6,Fail
Student943,ID1943,Female,9,7,8,9,8,8,0,8,Fail
Student944,ID1944,Male,8,9,7,9,6,7,9,0,Fail
Student945,ID1945,Male,9,7,6,7,9,0,9,8,Fail
Student946,ID1946,Female,0,8,7,7,6,7,8,9,Fail
Student947,ID1947,Male,9,8,6,0,6,6,9,6,Fail
Student948,ID1948,Female,8,8,0,6,8,7,0,7,Fail
Student949,ID1949,Female,9,7,6,8,7,6,7,8,Pass
Student950,ID1950,Female,6,7,8,8,9,9,7,9,Pass
Student951,ID1951,Female,9,8,7,8,9,8,8,8,Pass
Student952,ID1952,Male,7,7,9,0,8,9,9,9,Fail
Student953,ID1953,Female,6,8,8,9,7,7,9,9,Pass
Student954,ID1954,Male,7,7,9,7,6,6,6,0,Fail
Student955,ID1955,Male,6,7,7,9,7,8,8,6,Pass
Student956,ID1956,Male,6,8,9,8,6,7,7,0,Fail
Student957,ID1957,Male,7,8,0,6,6,8,9,0,Fail
Student958,ID1958,Female,6,9,9,7,8,8,6,7,Pass
Student959,ID1959,Female,9,8,6,9,7,9,6,8,Pass
Student960,ID1960,Female,6,9,6,9,6,9,7,6,Pass
Student961,ID1961,Female,8,6,9,6,7,7,7,6,Pass
Student962,ID1962,Male,8,7,0,8,7,6,9,8,Fail
Student963,ID1963,Male,6,9,8,9,8,8,9,8,Pass
Student964,ID1964,Male,8,0,6,9,8,7,8,6,Fail
Student965,ID1965,Female,9,0,6,6,6,7,7,6,Fail
Student966,ID1966,Female,0,6,0,7,9,0,9,6,Fail
Student967,ID1967,Male,9,0,9,8,6,0,9,7,Fail
Student968,ID1968,Female,8,8,6,8,9,6,8,9,Pass
Student969,ID1969,Male,6,9,9,9,8,7,9,8,Pass
Student970,ID1970,Female,8,8,8,8,8,9,6,6,Pass
Student971,ID1971,Male,7,8,7,6,7,9,9,7,Pass
Student972,ID1972,Male,8,7,7,6,8,6,0,0,Fail
Student973,ID1973,Female,9,8,9,7,9,8,7,8,Pass
Student974,ID1974,Female,9,7,9,7,9,7,8,9,Pass
Student975,ID1975,Male,0,9,8,7,8,9,6,7,Fail
Student976,ID1976,Female,8,7,7,9,9,9,0,0,Fail
Student977,ID1977,Female,9,7,6,9,7,6,7,8,Pass
Student978,ID1978,Female,6,8,9,7,7,8,6,8,Pass
Student979,ID1979,Male,8,9,7,6,7,6,0,7,Fail
Student980,ID1980,Male,8,8,6,6,6,0,8,9,Fail
Student981,ID1981,Female,9,7,8,7,6,9,9,6,Pass
Student982,ID1982,Female,9,8,0,9,0,9,8,9,Fail
Student983,ID1983,Male,9,6,9,8,8,7,7,6,Pass
Student984,ID1984,Female,6,8,7,9,6,6,8,7,Pass
Student985,ID1985,Female,9,8,7,8,0,7,7,7,Fail
Student986,ID1986,Female,8,7,8,8,8,7,6,6,Pass
Student987,ID1987,Female,9,7,8,9,9,6,7,7,Pass
Student988,ID1988,Male,7,6,6,7,7,9,7,6,Pass
Student989,ID1989,Male,8,0,9,6,6,9,6,7,Fail
Student990,ID1990,Female,8,8,7,7,6,9,8,8,Pass
Student991,ID1991,Female,9,6,8,7,8,7,9,7,Pass
Student992,ID1992,Male,6,8,7,9,6,9,6,8,Pass
Student993,ID1993,Female,6,8,0,8,7,9,8,8,Fail
Student994,ID1994,Female,6,8,7,9,9,8,6,8,Pass
Student995,ID1995,Male,6,6,7,6,7,8,9,8,Pass
Student996,ID1996,Male,7,6,9,7,7,0,8,6,Fail
Student997,ID1997,Male,7,9,9,6,9,8,9,8,Pass
Student998,ID1998,Male,9,7,6,8,8,8,8,0,Fail
Student999,ID1999,Male,9,8,8,0,7,8,9,6,Fail
Student1000,ID01000,Male,8,6,7,6,9,8,7,9,Pass
Student1001,ID01001,Male,0,9,8,9,7,8,7,8,Fail
Student1002,ID01002,Female,8,9,9,8,9,7,6,8,Pass
Student1003,ID01003,Female,9,6,7,7,6,9,8,7,Pass
Student1004,ID01004,Male,8,9,9,9,8,6,8,8,Pass
Student1005,ID01005,Male,0,8,9,7,9,7,7,8,Fail
Student1006,ID01006,Male,9,6,8,9,9,7,9,9,Pass
Student1007,ID01007,Female,8,7,9,6,6,9,7,6,Pass
Student1008,ID01008,Female,9,8,9,7,7,9,9,8,Pass
Student1009,ID01009,Female,8,9,7,8,9,6,6,7,Pass
Student1010,ID01010,Female,7,0,0,6,6,6,0,7,Fail
Student1011,ID01011,Male,9,9,6,8,6,8,6,7,Pass
Student1012,ID01012,Female,0,0,7,6,8,7,7,9,Fail
Student1013,ID01013,Male,9,6,8,9,9,9,9,6,Pass
Student1014,ID01014,Female,8,8,9,7,8,6,9,8,Pass
Student1015,ID01015,Female,8,6,7,9,0,7,8,8,Fail
Student1016,ID01016,Male,8,7,6,6,6,9,9,8,Pass
Student1017,ID01017,Female,6,6,8,8,9,8,8,7,Pass
Student1018,ID01018,Male,6,8,9,6,7,8,7,7,Pass
Student1019,ID01019,Female,6,6,9,0,9,7,8,0,Fail
Student1020,ID01020,Female,8,8,8,6,9,7,8,7,Pass
Student1021,ID01021,Female,6,8,7,7,8,9,8,8,Pass
Student1022,ID01022,Female,6,7,6,8,6,6,8,6,Pass
Student1023,ID01023,Male,9,7,8,9,9,7,8,7,Pass
Student1024,ID01024,Male,8,7,6,9,8,8,9,7,Pass
Student1025,ID01025,Male,9,9,6,6,9,8,8,9,Pass
Student1026,ID01026,Male,9,9,8,8,8,6,6,0,Fail
Student1027,ID01027,Female,0,7,6,6,8,9,9,9,Fail
Student1028,ID01028,Female,9,8,0,6,7,6,9,7,Fail
Student1029,ID01029,Female,7,0,9,6,9,8,8,8,Fail
Student1030,ID01030,Male,7,9,9,6,8,0,7,6,Fail
Student1031,ID01031,Female,9,9,7,7,8,9,9,7,Pass
Student1032,ID01032,Female,8,7,9,6,8,0,8,8,Fail
Student1033,ID01033,Male,8,7,6,7,6,0,9,7,Fail
Student1034,ID01034,Male,7,6,7,0,9,9,7,9,Fail
Student1035,ID01035,Female,9,8,8,8,9,6,8,9,Pass
Student1036,ID01036,Female,6,6,8,6,7,9,9,9,Pass
Student1037,ID01037,Female,8,6,0,8,0,8,6,9,Fail
Student1038,ID01038,Female,7,6,7,7,7,6,9,6,Pass
Student1039,ID01039,Female,0,7,6,6,6,9,0,8,Fail
Student1040,ID01040,Female,0,7,7,9,9,8,7,8,Fail
Student1041,ID01041,Male,8,6,9,0,9,7,9,6,Fail
Student1042,ID01042,Female,8,6,8,7,9,6,9,7,Pass
Student1043,ID01043,Male,9,7,8,9,0,7,0,9,Fail
Student1044,ID01044,Male,9,8,9,7,8,7,8,7,Pass
Student1045,ID01045,Male,0,8,8,7,6,8,7,8,Fail
Student1046,ID01046,Male,8,8,7,9,8,6,6,6,Pass
Student1047,ID01047,Female,8,0,7,8,6,7,9,6,Fail
Student1048,ID01048,Female,8,6,8,7,9,8,7,0,Fail
Student1049,ID01049,Male,6,7,8,8,8,6,7,9,Pass
Student1050,ID01050,Female,6,7,8,7,7,6,8,8,Pass
Student1051,ID01051,Male,9,8,7,6,8,8,6,6,Pass
Student1052,ID01052,Female,7,9,9,7,6,9,8,6,Pass
Student1053,ID01053,Male,7,6,6,9,8,8,8,6,Pass
Student1054,ID01054,Male,9,7,0,8,8,9,8,6,Fail
Student1055,ID01055,Male,7,0,8,7,8,6,9,6,Fail
Student1056,ID01056,Female,0,0,8,6,6,8,9,0,Fail
Student1057,ID01057,Male,7,9,6,0,9,0,0,8,Fail
Student1058,ID01058,Female,9,9,6,7,9,7,6,7,Pass
Student1059,ID01059,Male,8,9,7,9,7,8,9,6,Pass
Student1060,ID01060,Female,9,9,6,7,6,7,6,7,Pass
Student1061,ID01061,Female,9,9,8,9,7,9,6,7,Pass
Student1062,ID01062,Female,9,9,6,6,7,6,9,8,Pass
Student1063,ID01063,Male,6,7,6,8,6,6,8,0,Fail
Student1064,ID01064,Male,8,9,8,9,7,7,6,6,Pass
Student1065,ID01065,Male,6,6,7,9,7,9,7,9,Pass
Student1066,ID01066,Male,6,6,9,0,9,9,0,0,Fail
Student1067,ID01067,Male,7,7,6,6,8,9,8,7,Pass
Student1068,ID01068,Female,8,7,8,6,9,6,9,0,Fail
Student1069,ID01069,Male,6,8,8,6,9,6,7,7,Pass
Student1070,ID01070,Female,7,6,9,8,7,8,9,7,Pass
Student1071,ID01071,Male,7,7,6,8,6,0,7,7,Fail
Student1072,ID01072,Female,6,8,7,9,8,6,8,7,Pass
Student1073,ID01073,Female,8,6,7,6,8,8,7,7,Pass
Student1074,ID01074,Female,9,8,9,9,8,7,9,6,Pass
Student1075,ID01075,Male,6,0,7,9,7,8,6,7,Fail
Student1076,ID01076,Male,6,7,6,6,7,8,9,8,Pass
Student1077,ID01077,Male,8,9,9,6,6,8,8,6,Pass
Student1078,ID01078,Female,6,9,7,9,6,8,0,6,Fail
Student1079,ID01079,Male,8,8,6,7,9,9,9,9,Pass
Student1080,ID01080,Male,7,9,9,6,6,6,8,0,Fail
Student1081,ID01081,Female,6,9,8,9,6,7,0,7,Fail
Student1082,ID01082,Male,6,7,9,9,7,7,8,8,Pass
Student1083,ID01083,Male,6,9,8,8,7,6,7,8,Pass
Student1084,ID01084,Female,7,8,7,9,8,6,6,7,Pass
Student1085,ID01085,Male,8,7,7,8,9,8,8,8,Pass
Student1086,ID01086,Female,7,6,9,7,7,0,9,0,Fail
Student1087,ID01087,Male,9,7,7,8,8,7,9,9,Pass
Student1088,ID01088,Female,9,6,6,6,7,9,8,0,Fail
Student1089,ID01089,Female,9,7,7,7,9,6,8,8,Pass
Student1090,ID01090,Female,9,8,7,6,8,8,6,7,Pass
Student1091,ID01091,Female,8,9,8,9,6,7,9,9,Pass
Student1092,ID01092,Female,8,8,6,7,6,9,8,7,Pass
Student1093,ID01093,Female,8,6,9,9,7,6,6,7,Pass
Student1094,ID01094,Female,9,6,7,0,6,7,9,8,Fail
Student1095,ID01095,Male,7,9,7,9,7,6,7,9,Pass
Student1096,ID01096,Female,9,6,8,9,6,7,9,7,Pass
Student1097,ID01097,Male,9,8,6,9,9,0,8,8,Fail
Student1098,ID01098,Male,9,6,6,8,7,7,6,7,Pass
Student1099,ID01099,Female,7,7,6,7,0,9,6,8,Fail
Student1100,ID01100,Female,9,9,0,6,6,9,0,9,Fail
Student1101,ID01101,Male,6,7,7,8,8,7,8,7,Pass
Student1102,ID01102,Female,8,7,6,6,6,7,9,6,Pass
Student1103,ID01103,Female,7,9,9,9,7,8,0,9,Fail
Student1104,ID01104,Male,9,7,0,9,7,8,7,7,Fail
Student1105,ID01105,Male,9,7,6,7,9,0,7,6,Fail
Student1106,ID01106,Female,8,9,9,8,7,6,8,7,Pass
Student1107,ID01107,Male,8,7,6,6,8,8,7,9,Pass
Student1108,ID01108,Male,9,7,8,6,6,8,9,6,Pass
Student1109,ID01109,Male,6,9,7,7,8,6,9,7,Pass
Student1110,ID01110,Male,9,7,7,9,8,9,7,9,Pass
Student1111,ID01111,Female,7,0,0,8,6,8,6,6,Fail
Student1112,ID01112,Female,9,6,8,8,6,9,9,6,Pass
Student1113,ID01113,Male,0,8,6,7,7,9,6,8,Fail
Student1114,ID01114,Female,8,6,8,9,7,7,6,8,Pass
Student1115,ID01115,Female,9,8,6,7,7,0,7,6,Fail
Student1116,ID01116,Female,8,8,6,7,7,9,9,8,Pass
Student1117,ID01117,Female,9,6,8,9,7,7,9,7,Pass
Student1118,ID01118,Male,7,6,6,9,7,6,7,0,Fail
Student1119,ID01119,Male,8,8,8,8,7,9,6,6,Pass
Student1120,ID01120,Male,7,9,7,9,7,9,7,6,Pass
Student1121,ID01121,Male,9,8,9,7,9,8,8,6,Pass
Student1122,ID01122,Female,8,6,8,9,0,8,9,6,Fail
Student1123,ID01123,Male,0,8,9,9,9,9,8,9,Fail
Student1124,ID01124,Male,6,8,9,9,0,6,9,8,Fail
Student1125,ID01125,Male,7,7,8,6,6,0,6,7,Fail
Student1126,ID01126,Female,9,7,8,6,8,8,6,0,Fail
Student1127,ID01127,Male,7,0,9,9,8,8,0,7,Fail
Student1128,ID01128,Male,8,6,8,7,8,6,9,8,Pass
Student1129,ID01129,Male,0,9,8,6,6,7,9,9,Fail
Student1130,ID01130,Male,9,9,8,8,7,9,6,9,Pass
Student1131,ID01131,Female,8,0,6,6,7,8,8,7,Fail
Student1132,ID01132,Male,7,9,7,8,9,7,9,7,Pass
Student1133,ID01133,Female,8,6,8,0,9,7,9,6,Fail
Student1134,ID01134,Female,6,8,6,8,9,6,8,9,Pass
Student1135,ID01135,Male,7,6,9,9,7,6,7,9,Pass
Student1136,ID01136,Female,7,8,8,9,9,6,9,8,Pass
Student1137,ID01137,Female,7,9,6,8,9,6,7,9,Pass
Student1138,ID01138,Male,8,7,9,0,8,9,9,7,Fail
Student1139,ID01139,Male,8,6,0,6,8,7,8,8,Fail
Student1140,ID01140,Female,9,7,6,8,6,6,8,6,Pass
Student1141,ID01141,Female,0,9,7,9,9,6,6,8,Fail
Student1142,ID01142,Female,9,9,7,8,9,8,6,0,Fail
Student1143,ID01143,Male,6,9,9,8,8,6,7,0,Fail
Student1144,ID01144,Female,8,0,9,8,6,9,6,7,Fail
Student1145,ID01145,Male,8,9,9,8,9,6,6,9,Pass
Student1146,ID01146,Male,9,0,7,7,7,7,8,8,Fail
Student1147,ID01147,Female,8,6,8,8,8,8,6,7,Pass
Student1148,ID01148,Male,7,8,8,6,9,6,8,9,Pass
Student1149,ID01149,Female,9,6,9,8,6,6,7,6,Pass
Student1150,ID01150,Female,8,7,7,7,0,8,8,8,Fail
Student1151,ID01151,Female,8,7,8,8,9,7,8,7,Pass
Student1152,ID01152,Male,6,6,9,6,7,8,0,8,Fail
Student1153,ID01153,Male,7,7,9,9,7,7,8,6,Pass
Student1154,ID01154,Male,7,7,9,7,6,7,9,7,Pass
Student1155,ID01155,Male,9,8,9,8,6,7,8,8,Pass
Student1156,ID01156,Male,7,6,7,8,6,7,7,7,Pass
Student1157,ID01157,Female,9,9,6,9,9,8,8,6,Pass
Student1158,ID01158,Female,8,7,7,8,7,7,7,8,Pass
Student1159,ID01159,Male,6,6,8,9,7,6,9,9,Pass
Student1160,ID01160,Male,8,6,6,6,6,8,9,7,Pass
Student1161,ID01161,Female,0,9,9,6,8,7,8,7,Fail
Student1162,ID01162,Female,8,6,8,8,6,7,9,9,Pass
Student1163,ID01163,Female,6,6,0,7,8,6,6,6,Fail
Student1164,ID01164,Male,9,7,7,7,7,6,9,8,Pass
Student1165,ID01165,Male,6,7,8,0,8,6,7,7,Fail
Student1166,ID01166,Male,9,7,7,7,9,6,7,9,Pass
Student1167,ID01167,Female,7,6,7,8,7,8,8,7,Pass
Student1168,ID01168,Female,9,7,0,7,8,7,0,8,Fail
Student1169,ID01169,Female,9,6,9,9,9,7,7,6,Pass
Student1170,ID01170,Female,6,6,7,8,6,7,6,7,Pass
Student1171,ID01171,Female,9,6,8,9,8,7,0,8,Fail
Student1172,ID01172,Male,6,9,9,0,7,9,7,6,Fail
Student1173,ID01173,Female,8,7,7,9,7,7,7,8,Pass
Student1174,ID01174,Female,9,8,7,6,8,7,7,7,Pass
Student1175,ID01175,Male,9,8,8,8,9,8,8,8,Pass
Student1176,ID01176,Male,8,6,0,6,7,8,6,6,Fail
Student1177,ID01177,Male,7,8,7,6,9,6,7,7,Pass
Student1178,ID01178,Male,9,6,9,8,6,8,9,0,Fail
Student1179,ID01179,Male,6,8,6,8,7,9,9,6,Pass
Student1180,ID01180,Male,9,9,8,6,9,6,6,6,Pass
Student1181,ID01181,Female,8,9,8,6,8,8,0,8,Fail
Student1182,ID01182,Female,6,6,7,6,7,6,9,7,Pass
Student1183,ID01183,Female,7,9,9,7,7,6,6,9,Pass
Student1184,ID01184,Female,9,8,7,9,8,8,7,7,Pass
Student1185,ID01185,Female,7,7,9,0,9,6,8,7,Fail
Student1186,ID01186,Male,6,7,7,9,8,8,6,7,Pass
Student1187,ID01187,Male,9,8,6,6,0,6,9,6,Fail
Student1188,ID01188,Female,9,7,9,7,8,7,9,9,Pass
Student1189,ID01189,Female,9,7,9,7,9,7,6,7,Pass
Student1190,ID01190,Male,8,6,6,7,8,6,6,8,Pass
Student1191,ID01191,Male,9,7,9,6,7,7,9,7,Pass
Student1192,ID01192,Female,7,9,9,8,8,7,9,9,Pass
Student1193,ID01193,Female,0,8,9,0,9,6,6,9,Fail
Student1194,ID01194,Female,8,8,8,9,7,9,6,8,Pass
Student1195,ID01195,Male,6,6,9,8,6,8,7,9,Pass
Student1196,ID01196,Male,9,6,9,8,6,9,7,9,Pass
Student1197,ID01197,Male,7,8,6,7,8,6,6,8,Pass
Student1198,ID01198,Male,0,8,7,8,6,8,7,6,Fail
Student1199,ID01199,Female,9,6,9,7,8,9,8,9,Pass
Student1200,ID01200,Male,9,8,6,7,9,0,6,6,Fail
Student1201,ID01201,Female,9,6,9,9,6,7,8,8,Pass
Student1202,ID01202,Male,9,6,8,8,9,0,9,8,Fail
Student1203,ID01203,Male,6,9,8,9,8,8,6,8,Pass
Student1204,ID01204,Female,8,7,7,6,6,7,9,9,Pass
Student1205,ID01205,Female,6,7,6,7,6,7,8,9,Pass
Student1206,ID01206,Male,8,8,8,7,7,7,8,8,Pass
Student1207,ID01207,Female,9,9,6,8,7,7,7,7,Pass
Student1208,ID01208,Female,9,7,9,6,6,9,0,8,Fail
Student1209,ID01209,Male,6,9,8,9,9,7,8,0,Fail
Student1210,ID01210,Female,6,7,0,9,6,0,9,9,Fail
Student1211,ID01211,Male,6,6,8,6,8,9,7,6,Pass
Student1212,ID01212,Female,0,7,8,8,9,8,6,9,Fail
Student1213,ID01213,Female,9,8,7,0,9,7,8,7,Fail
Student1214,ID01214,Female,7,6,6,7,7,0,7,9,Fail
Student1215,ID01215,Male,6,7,8,6,0,6,7,9,Fail
Student1216,ID01216,Male,6,6,9,0,8,9,7,7,Fail
Student1217,ID01217,Female,6,6,6,7,9,7,9,6,Pass
Student1218,ID01218,Male,7,8,0,8,9,6,7,6,Fail
Student1219,ID01219,Male,9,8,6,9,6,0,7,7,Fail
Student1220,ID01220,Female,8,9,6,6,6,6,7,7,Pass
Student1221,ID01221,Male,7,0,8,9,6,8,0,6,Fail
Student1222,ID01222,Male,6,9,8,0,6,7,6,8,Fail
Student1223,ID01223,Female,0,9,7,8,0,9,9,9,Fail
Student1224,ID01224,Male,8,7,8,9,6,7,6,7,Pass
Student1225,ID01225,Male,7,7,7,6,8,9,7,8,Pass
Student1226,ID01226,Female,6,9,9,6,6,6,7,9,Pass
Student1227,ID01227,Female,8,0,9,7,9,7,7,8,Fail
Student1228,ID01228,Female,7,6,9,8,6,8,8,0,Fail
Student1229,ID01229,Female,7,7,9,8,8,6,7,9,Pass
Student1230,ID01230,Male,6,6,7,7,8,6,8,8,Pass
Student1231,ID01231,Female,6,9,8,6,9,0,8,9,Fail
Student1232,ID01232,Male,6,0,9,7,9,6,9,7,Fail
Student1233,ID01233,Female,9,7,6,7,0,8,8,0,Fail
Student1234,ID01234,Male,7,6,7,7,6,6,0,7,Fail
Student1235,ID01235,Female,8,8,9,7,8,6,8,8,Pass
Student1236,ID01236,Female,7,7,0,8,8,8,8,0,Fail
Student1237,ID01237,Female,6,6,7,6,6,6,8,6,Pass
Student1238,ID01238,Male,6,7,9,9,7,8,7,7,Pass
Student1239,ID01239,Male,8,8,9,0,0,9,9,8,Fail
Student1240,ID01240,Female,8,7,6,9,8,6,7,7,Pass
Student1241,ID01241,Male,6,6,6,6,6,9,8,6,Pass
Student1242,ID01242,Male,8,6,7,7,6,9,7,8,Pass
Student1243,ID01243,Male,9,9,7,9,9,8,8,8,Pass
Student1244,ID01244,Male,6,7,6,0,8,9,7,9,Fail
Student1245,ID01245,Male,9,6,9,6,8,9,6,6,Pass
Student1246,ID01246,Male,9,7,6,7,9,8,0,9,Fail
Student1247,ID01247,Female,9,7,8,6,9,8,9,8,Pass
Student1248,ID01248,Male,7,8,6,6,8,8,0,7,Fail
Student1249,ID01249,Female,6,8,9,7,6,9,8,6,Pass
Student1250,ID01250,Female,7,9,9,8,9,9,6,8,Pass
Student1251,ID01251,Female,9,7,0,7,9,9,6,9,Fail
Student1252,ID01252,Female,9,6,9,7,7,9,9,6,Pass
Student1253,ID01253,Female,9,9,6,7,8,8,8,7,Pass
Student1254,ID01254,Female,6,8,7,9,6,8,8,7,Pass
Student1255,ID01255,Female,9,7,7,6,8,8,0,8,Fail
Student1256,ID01256,Male,8,7,6,7,9,9,7,8,Pass
Student1257,ID01257,Female,9,9,8,6,7,8,8,9,Pass
Student1258,ID01258,Male,6,9,8,6,0,9,7,8,Fail
Student1259,ID01259,Male,6,6,8,8,7,7,7,7,Pass
Student1260,ID01260,Male,9,6,9,7,7,7,6,8,Pass
Student1261,ID01261,Female,7,8,7,8,7,8,9,8,Pass
Student1262,ID01262,Female,8,7,7,9,8,6,0,7,Fail
Student1263,ID01263,Male,7,7,8,6,9,9,6,9,Pass
Student1264,ID01264,Female,8,6,9,8,6,9,7,7,Pass
Student1265,ID01265,Female,9,0,6,8,6,7,9,9,Fail
Student1266,ID01266,Female,7,7,8,8,7,6,6,7,Pass
Student1267,ID01267,Female,0,7,0,9,7,6,8,7,Fail
Student1268,ID01268,Female,8,6,9,6,7,0,6,6,Fail
Student1269,ID01269,Female,6,8,8,0,9,7,7,8,Fail
Student1270,ID01270,Male,9,8,7,9,6,7,9,8,Pass
Student1271,ID01271,Female,9,6,8,6,9,7,7,7,Pass
Student1272,ID01272,Female,7,9,7,6,9,9,6,8,Pass
Student1273,ID01273,Female,6,8,6,7,9,9,6,8,Pass
Student1274,ID01274,Female,8,8,8,7,7,6,9,7,Pass
Student1275,ID01275,Female,6,7,8,9,8,8,6,7,Pass
Student1276,ID01276,Male,8,6,7,8,7,6,6,6,Pass
Student1277,ID01277,Female,8,8,7,7,9,7,9,9,Pass
Student1278,ID01278,Female,6,6,9,9,6,8,9,7,Pass
Student1279,ID01279,Female,7,9,6,9,8,6,9,6,Pass
Student1280,ID01280,Male,6,8,9,7,8,6,6,6,Pass
Student1281,ID01281,Female,8,8,8,6,0,9,6,7,Fail
Student1282,ID01282,Female,8,6,6,7,9,8,8,7,Pass
Student1283,ID01283,Female,7,6,6,6,7,8,9,6,Pass
Student1284,ID01284,Male,9,8,7,9,7,9,9,7,Pass
Student1285,ID01285,Female,0,6,8,9,9,8,0,7,Fail
Student1286,ID01286,Female,6,6,8,8,7,9,9,6,Pass
Student1287,ID01287,Female,8,6,9,0,8,9,6,9,Fail
Student1288,ID01288,Female,6,9,6,9,7,7,7,8,Pass
Student1289,ID01289,Female,7,8,9,7,8,6,6,7,Pass
Student1290,ID01290,Female,9,7,7,7,0,8,7,6,Fail
Student1291,ID01291,Female,0,7,7,8,7,7,7,6,Fail
Student1292,ID01292,Male,7,8,6,0,9,8,6,9,Fail
Student1293,ID01293,Female,6,8,8,8,6,9,7,8,Pass
Student1294,ID01294,Female,0,0,9,8,9,6,6,6,Fail
Student1295,ID01295,Male,8,0,7,6,6,9,9,9,Fail
Student1296,ID01296,Female,6,7,9,7,8,8,0,8,Fail
Student1297,ID01297,Female,7,6,6,0,6,6,9,8,Fail
Student1298,ID01298,Male,9,6,8,9,8,8,6,7,Pass
Student1299,ID01299,Male,9,0,8,6,8,6,9,7,Fail
Student1300,ID01300,Female,6,9,9,7,0,6,6,8,Fail
Student1301,ID01301,Male,8,8,9,6,6,7,7,7,Pass
Student1302,ID01302,Male,7,6,8,9,9,8,8,9,Pass
Student1303,ID01303,Male,8,9,8,6,8,7,6,9,Pass
Student1304,ID01304,Female,8,6,8,6,8,0,7,7,Fail
Student1305,ID01305,Female,6,8,8,9,9,7,7,7,Pass
Student1306,ID01306,Male,7,9,6,9,9,0,7,8,Fail
Student1307,ID01307,Male,6,6,9,7,7,0,9,7,Fail
Student1308,ID01308,Female,9,6,6,7,9,7,6,0,Fail
Student1309,ID01309,Female,9,9,7,6,6,6,6,7,Pass
Student1310,ID01310,Female,9,7,8,7,8,7,6,6,Pass
Student1311,ID01311,Female,9,8,7,7,9,7,6,0,Fail
Student1312,ID01312,Female,8,6,0,6,7,6,7,7,Fail
Student1313,ID01313,Male,7,0,0,7,8,9,6,7,Fail
Student1314,ID01314,Female,9,6,9,7,6,8,6,7,Pass
Student1315,ID01315,Male,6,8,9,9,8,7,7,9,Pass
Student1316,ID01316,Female,9,8,6,9,6,8,8,8,Pass
Student1317,ID01317,Female,9,6,9,7,8,6,7,9,Pass
Student1318,ID01318,Male,9,8,7,8,8,8,7,8,Pass
Student1319,ID01319,Male,8,6,6,6,7,9,0,0,Fail
Student1320,ID01320,Female,8,7,7,9,6,9,6,7,Pass
Student1321,ID01321,Male,8,8,9,9,6,6,9,7,Pass
Student1322,ID01322,Female,7,9,9,6,9,8,6,8,Pass
Student1323,ID01323,Female,7,8,9,7,6,7,7,6,Pass
Student1324,ID01324,Female,8,6,6,7,8,9,9,9,Pass
Student1325,ID01325,Male,8,7,0,9,8,7,6,0,Fail
Student1326,ID01326,Male,8,6,9,6,7,7,9,8,Pass
Student1327,ID01327,Male,0,7,6,9,6,6,9,8,Fail
Student1328,ID01328,Male,6,8,6,8,7,9,6,0,Fail
Student1329,ID01329,Male,8,6,9,6,6,6,6,6,Pass
Student1330,ID01330,Female,7,6,9,6,7,6,8,7,Pass
Student1331,ID01331,Female,6,9,0,7,7,7,9,9,Fail
Student1332,ID01332,Male,8,7,9,8,6,8,8,7,Pass
Student1333,ID01333,Female,6,7,6,9,7,8,8,7,Pass
Student1334,ID01334,Male,6,9,6,6,7,6,7,8,Pass
Student1335,ID01335,Female,6,7,9,7,7,7,8,6,Pass
Student1336,ID01336,Female,9,6,8,6,6,9,9,6,Pass
Student1337,ID01337,Female,6,6,7,8,0,0,9,9,Fail
Student1338,ID01338,Male,6,8,8,6,6,9,8,9,Pass
Student1339,ID01339,Male,7,6,7,7,8,8,7,9,Pass
Student1340,ID01340,Female,8,7,9,7,7,6,6,7,Pass
Student1341,ID01341,Female,8,7,7,6,8,8,9,8,Pass
Student1342,ID01342,Female,9,7,0,8,0,7,7,6,Fail
Student1343,ID01343,Female,8,8,7,7,6,7,8,6,Pass
Student1344,ID01344,Male,7,8,9,6,8,6,9,6,Pass
Student1345,ID01345,Female,6,8,6,6,8,8,9,7,Pass
Student1346,ID01346,Female,7,9,8,9,7,9,6,9,Pass
Student1347,ID01347,Female,8,8,9,9,7,8,7,6,Pass
Student1348,ID01348,Female,6,7,8,6,0,7,8,0,Fail
Student1349,ID01349,Female,8,9,6,8,7,7,9,6,Pass
Student1350,ID01350,Male,9,8,7,9,9,9,8,6,Pass
Student1351,ID01351,Female,7,9,9,6,9,7,8,7,Pass
Student1352,ID01352,Female,9,9,9,6,8,8,8,9,Pass
Student1353,ID01353,Female,9,9,0,8,6,7,9,9,Fail
Student1354,ID01354,Male,6,7,8,6,9,6,6,6,Pass
Student1355,ID01355,Female,9,9,8,9,8,6,6,6,Pass
Student1356,ID01356,Male,9,8,8,6,9,8,8,8,Pass
Student1357,ID01357,Female,9,6,9,0,9,9,9,7,Fail
Student1358,ID01358,Male,7,0,0,7,8,8,0,0,Fail
Student1359,ID01359,Female,6,6,9,6,9,6,0,6,Fail
Student1360,ID01360,Male,9,0,6,8,6,7,9,7,Fail
Student1361,ID01361,Female,0,6,6,8,8,6,9,8,Fail
Student1362,ID01362,Male,7,7,8,6,6,9,6,6,Pass
Student1363,ID01363,Male,6,9,8,7,8,7,7,9,Pass
Student1364,ID01364,Male,7,7,7,8,9,6,6,6,Pass
Student1365,ID01365,Male,6,8,6,7,6,7,8,6,Pass
Student1366,ID01366,Male,6,9,7,9,6,8,9,8,Pass
Student1367,ID01367,Male,0,7,7,9,9,7,8,8,Fail
Student1368,ID01368,Female,8,7,8,8,8,6,8,6,Pass
Student1369,ID01369,Male,9,8,9,9,8,6,7,6,Pass
Student1370,ID01370,Female,9,0,7,9,9,7,8,8,Fail
Student1371,ID01371,Male,9,6,9,6,6,6,7,0,Fail
Student1372,ID01372,Female,8,8,9,6,9,6,7,6,Pass
Student1373,ID01373,Female,6,9,9,6,7,6,0,6,Fail
Student1374,ID01374,Female,9,7,8,7,8,8,8,6,Pass
Student1375,ID01375,Male,9,8,8,6,0,9,8,9,Fail
Student1376,ID01376,Male,6,9,0,8,6,7,6,8,Fail
Student1377,ID01377,Male,7,8,9,6,7,7,7,8,Pass
Student1378,ID01378,Male,9,7,8,7,8,6,7,9,Pass
Student1379,ID01379,Female,8,9,9,6,7,8,7,9,Pass
Student1380,ID01380,Male,9,6,8,0,0,7,9,9,Fail
Student1381,ID01381,Male,6,9,6,6,7,7,6,7,Pass
Student1382,ID01382,Male,8,8,8,6,8,9,7,7,Pass
Student1383,ID01383,Male,6,8,9,8,8,6,6,6,Pass
Student1384,ID01384,Female,7,8,7,6,7,9,9,6,Pass
Student1385,ID01385,Female,8,8,0,8,6,6,6,6,Fail
Student1386,ID01386,Male,8,8,7,8,9,0,9,6,Fail
Student1387,ID01387,Female,7,7,7,9,6,6,7,8,Pass
Student1388,ID01388,Female,7,7,6,6,0,8,8,9,Fail
Student1389,ID01389,Male,9,9,6,6,7,0,8,8,Fail
Student1390,ID01390,Male,7,7,6,7,8,9,6,0,Fail
Student1391,ID01391,Female,0,0,9,7,6,0,9,8,Fail
Student1392,ID01392,Male,7,8,9,8,0,7,9,9,Fail
Student1393,ID01393,Male,6,9,6,6,6,6,8,7,Pass
Student1394,ID01394,Male,8,7,0,9,8,6,6,7,Fail
Student1395,ID01395,Female,7,8,6,8,9,6,9,6,Pass
Student1396,ID01396,Female,7,9,8,6,8,6,9,0,Fail
Student1397,ID01397,Male,8,6,6,0,7,9,7,7,Fail
Student1398,ID01398,Male,7,6,8,8,7,8,7,8,Pass
Student1399,ID01399,Female,6,7,6,6,9,8,6,8,Pass
Student1400,ID01400,Female,7,8,6,9,8,9,6,6,Pass
Student1401,ID01401,Male,9,8,7,6,7,7,9,6,Pass
Student1402,ID01402,Male,7,0,6,7,6,9,9,6,Fail
Student1403,ID01403,Male,6,8,0,0,6,9,9,9,Fail
Student1404,ID01404,Female,8,8,8,6,7,8,7,0,Fail
Student1405,ID01405,Male,7,8,6,9,7,6,7,7,Pass
Student1406,ID01406,Male,6,8,6,8,6,9,7,8,Pass
Student1407,ID01407,Female,7,8,8,9,7,7,7,6,Pass
Student1408,ID01408,Male,7,6,9,6,6,7,6,9,Pass
Student1409,ID01409,Male,6,9,9,8,9,6,6,7,Pass
Student1410,ID01410,Female,9,6,6,9,6,8,9,8,Pass
Student1411,ID01411,Male,9,6,9,8,7,7,9,9,Pass
Student1412,ID01412,Female,6,8,6,7,9,8,7,9,Pass
Student1413,ID01413,Female,6,7,6,6,6,8,7,9,Pass
Student1414,ID01414,Male,7,6,9,0,8,8,8,8,Fail
Student1415,ID01415,Male,0,8,0,6,7,6,6,9,Fail
Student1416,ID01416,Female,7,7,8,9,8,6,0,9,Fail
Student1417,ID01417,Female,7,8,8,7,9,7,6,9,Pass
Student1418,ID01418,Male,9,6,6,9,8,6,7,9,Pass
Student1419,ID01419,Female,6,9,9,7,9,9,6,6,Pass
Student1420,ID01420,Male,8,6,7,8,6,8,6,7,Pass
Student1421,ID01421,Male,7,0,8,8,8,7,7,6,Fail
Student1422,ID01422,Female,8,6,8,8,9,8,7,8,Pass
Student1423,ID01423,Female,6,8,7,6,8,8,7,8,Pass
Student1424,ID01424,Male,9,7,6,7,8,8,0,9,Fail
Student1425,ID01425,Female,6,0,8,9,9,7,6,9,Fail
Student1426,ID01426,Female,8,6,9,9,7,7,8,8,Pass
Student1427,ID01427,Male,7,9,7,0,6,9,6,8,Fail
Student1428,ID01428,Male,6,6,6,8,7,7,8,7,Pass
Student1429,ID01429,Female,9,9,8,6,6,9,9,9,Pass
Student1430,ID01430,Female,0,7,6,6,6,8,8,9,Fail
Student1431,ID01431,Female,8,7,6,9,9,6,6,9,Pass
Student1432,ID01432,Female,8,8,9,8,9,9,9,9,Pass
Student1433,ID01433,Female,6,0,7,8,6,0,8,8,Fail
Student1434,ID01434,Male,8,9,7,8,9,6,7,8,Pass
Student1435,ID01435,Female,7,6,9,0,8,6,7,7,Fail
Student1436,ID01436,Female,7,9,6,0,8,8,6,9,Fail
Student1437,ID01437,Male,6,6,6,6,7,6,6,0,Fail
Student1438,ID01438,Female,7,7,6,8,6,8,9,7,Pass
Student1439,ID01439,Male,6,9,8,9,7,6,0,8,Fail
Student1440,ID01440,Female,6,9,6,6,6,7,8,7,Pass
Student1441,ID01441,Female,7,6,6,8,9,7,7,9,Pass
Student1442,ID01442,Female,7,7,8,6,7,6,0,6,Fail
Student1443,ID01443,Male,9,8,9,7,8,6,0,7,Fail
Student1444,ID01444,Female,9,8,7,8,8,9,0,8,Fail
Student1445,ID01445,Male,9,8,6,8,7,6,6,8,Pass
Student1446,ID01446,Female,8,8,7,6,7,9,9,8,Pass
Student1447,ID01447,Male,9,9,6,8,6,8,6,8,Pass
Student1448,ID01448,Male,7,8,6,8,7,9,6,8,Pass
Student1449,ID01449,Female,9,0,7,7,8,9,8,8,Fail
Student1450,ID01450,Male,7,9,8,0,7,7,9,8,Fail
Student1451,ID01451,Female,8,6,0,6,6,7,9,7,Fail
Student1452,ID01452,Female,6,8,7,9,7,8,6,6,Pass
Student1453,ID01453,Female,7,8,7,6,7,9,7,8,Pass
Student1454,ID01454,Female,6,6,7,6,8,9,7,8,Pass
Student1455,ID01455,Male,9,7,7,7,8,9,7,8,Pass
Student1456,ID01456,Female,6,9,7,8,6,8,8,7,Pass
Student1457,ID01457,Male,6,9,8,7,6,9,8,8,Pass
Student1458,ID01458,Female,9,7,0,6,8,7,7,7,Fail
Student1459,ID01459,Female,7,6,7,7,6,6,8,9,Pass
Student1460,ID01460,Male,9,9,6,9,8,8,9,9,Pass
Student1461,ID01461,Male,6,8,8,6,7,8,9,8,Pass
Student1462,ID01462,Male,9,7,8,6,6,7,9,8,Pass
Student1463,ID01463,Female,7,7,9,7,0,9,7,8,Fail
Student1464,ID01464,Male,9,6,8,0,9,7,9,6,Fail
Student1465,ID01465,Female,0,6,6,6,9,9,8,6,Fail
Student1466,ID01466,Male,6,7,6,7,9,6,8,0,Fail
Student1467,ID01467,Male,9,6,9,8,7,7,6,7,Pass
Student1468,ID01468,Female,7,9,8,6,7,9,8,8,Pass
Student1469,ID01469,Female,7,8,7,9,7,9,9,8,Pass
Student1470,ID01470,Male,9,6,6,9,7,6,7,9,Pass
Student1471,ID01471,Male,8,6,9,7,8,6,8,7,Pass
Student1472,ID01472,Female,0,7,0,9,0,9,9,7,Fail
Student1473,ID01473,Male,9,8,8,0,7,9,6,9,Fail
Student1474,ID01474,Female,7,0,6,9,9,6,7,7,Fail
Student1475,ID01475,Female,6,9,6,6,7,7,9,9,Pass
Student1476,ID01476,Male,6,7,9,6,6,6,9,7,Pass
Student1477,ID01477,Female,8,7,9,0,8,8,6,9,Fail
Student1478,ID01478,Female,0,8,9,7,9,8,6,7,Fail
Student1479,ID01479,Male,8,7,9,7,9,9,0,0,Fail
Student1480,ID01480,Male,9,6,0,8,7,6,8,7,Fail
Student1481,ID01481,Male,6,8,6,7,7,8,6,6,Pass
Student1482,ID01482,Female,9,7,9,9,0,7,7,8,Fail
Student1483,ID01483,Male,8,7,7,7,9,8,9,0,Fail
Student1484,ID01484,Male,8,9,9,9,8,9,7,8,Pass
Student1485,ID01485,Male,0,7,9,9,9,9,6,8,Fail
Student1486,ID01486,Male,9,7,9,9,8,8,7,0,Fail
Student1487,ID01487,Male,8,8,7,6,8,7,8,8,Pass
Student1488,ID01488,Female,9,8,6,7,9,6,8,8,Pass
Student1489,ID01489,Female,6,7,0,9,8,0,9,6,Fail
Student1490,ID01490,Male,9,8,6,9,7,6,8,7,Pass
Student1491,ID01491,Female,9,9,8,7,9,9,9,9,Pass
Student1492,ID01492,Male,8,8,7,6,6,9,6,9,Pass
Student1493,ID01493,Male,8,9,0,6,9,8,8,6,Fail
Student1494,ID01494,Male,0,6,8,8,6,6,9,7,Fail
Student1495,ID01495,Male,9,9,8,6,8,9,7,7,Pass
Student1496,ID01496,Female,6,8,6,8,8,9,8,6,Pass
Student1497,ID01497,Male,6,9,7,7,6,9,8,7,Pass
Student1498,ID01498,Female,8,9,8,9,0,6,8,7,Fail
Student1499,ID01499,Female,9,9,9,9,7,6,9,0,Fail
Student1500,ID01500,Male,8,8,0,9,6,8,7,6,Fail
Student1501,ID01501,Male,7,9,6,7,8,6,8,0,Fail
Student1502,ID01502,Male,8,6,7,6,6,7,0,9,Fail
Student1503,ID01503,Female,8,6,6,7,8,9,8,8,Pass
Student1504,ID01504,Female,8,8,9,6,8,6,6,9,Pass
Student1505,ID01505,Female,7,6,0,9,6,6,9,7,Fail
Student1506,ID01506,Female,6,6,8,0,6,9,6,6,Fail
Student1507,ID01507,Female,8,6,9,9,9,7,9,7,Pass
Student1508,ID01508,Male,7,6,8,8,6,7,7,0,Fail
Student1509,ID01509,Female,8,9,8,8,7,9,8,6,Pass
Student1510,ID01510,Female,6,7,0,9,9,7,7,9,Fail
Student1511,ID01511,Male,9,9,6,6,6,9,0,9,Fail
Student1512,ID01512,Female,0,9,0,9,0,7,8,9,Fail
Student1513,ID01513,Female,7,9,8,6,6,6,8,7,Pass
Student1514,ID01514,Male,7,8,6,0,9,9,7,9,Fail
Student1515,ID01515,Male,9,6,9,6,9,8,7,0,Fail
Student1516,ID01516,Female,7,9,9,9,9,9,0,0,Fail
Student1517,ID01517,Female,7,7,9,8,6,7,8,0,Fail
Student1518,ID01518,Female,6,9,7,6,7,8,7,6,Pass
Student1519,ID01519,Male,8,7,7,8,7,8,9,9,Pass
Student1520,ID01520,Male,7,9,8,9,6,9,7,0,Fail
Student1521,ID01521,Female,6,7,8,7,9,6,9,8,Pass
Student1522,ID01522,Male,7,6,6,7,7,6,6,8,Pass
Student1523,ID01523,Female,9,6,6,9,9,9,6,7,Pass
Student1524,ID01524,Female,0,0,7,8,8,7,6,8,Fail
Student1525,ID01525,Female,0,9,0,9,7,9,9,8,Fail
Student1526,ID01526,Female,6,8,6,9,8,8,8,9,Pass
Student1527,ID01527,Female,7,7,6,8,7,9,6,8,Pass
Student1528,ID01528,Female,9,7,9,6,6,6,9,6,Pass
Student1529,ID01529,Male,7,7,8,8,7,9,7,9,Pass
Student1530,ID01530,Male,0,8,8,7,8,6,8,6,Fail
Student1531,ID01531,Female,7,6,8,8,6,6,7,6,Pass
Student1532,ID01532,Male,0,7,8,6,6,9,7,9,Fail
Student1533,ID01533,Female,8,8,9,7,9,6,8,9,Pass
Student1534,ID01534,Male,8,8,6,9,8,9,8,0,Fail
Student1535,ID01535,Male,9,0,6,9,8,0,8,7,Fail
Student1536,ID01536,Female,9,7,7,9,7,8,8,6,Pass
Student1537,ID01537,Male,7,9,6,7,8,7,6,9,Pass
Student1538,ID01538,Male,8,9,0,6,6,0,8,6,Fail
Student1539,ID01539,Female,7,0,9,6,8,6,9,6,Fail
Student1540,ID01540,Male,6,8,8,9,7,9,0,6,Fail
Student1541,ID01541,Male,8,6,9,8,6,0,8,8,Fail
Student1542,ID01542,Female,6,8,9,7,9,9,9,6,Pass
Student1543,ID01543,Female,9,9,6,9,8,8,7,8,Pass
Student1544,ID01544,Male,6,7,9,9,8,8,8,7,Pass
Student1545,ID01545,Female,7,8,7,8,6,8,6,7,Pass
Student1546,ID01546,Female,9,6,7,9,7,9,8,6,Pass
Student1547,ID01547,Female,8,9,9,8,8,7,7,6,Pass
Student1548,ID01548,Female,6,0,9,9,7,8,6,8,Fail
Student1549,ID01549,Female,9,6,9,7,6,9,7,6,Pass
Student1550,ID01550,Male,7,6,9,7,9,8,8,9,Pass
Student1551,ID01551,Female,7,8,6,7,0,6,6,9,Fail
Student1552,ID01552,Male,6,8,6,6,7,6,0,6,Fail
Student1553,ID01553,Male,0,7,7,6,6,8,9,7,Fail
Student1554,ID01554,Male,9,6,6,8,8,8,6,7,Pass
Student1555,ID01555,Male,9,6,6,6,7,6,8,0,Fail
Student1556,ID01556,Male,9,0,8,9,9,8,9,6,Fail
Student1557,ID01557,Male,8,9,8,8,7,8,9,8,Pass
Student1558,ID01558,Female,6,7,7,6,6,8,6,6,Pass
Student1559,ID01559,Female,8,8,6,7,6,0,6,7,Fail
Student1560,ID01560,Female,9,9,6,8,7,8,8,9,Pass
Student1561,ID01561,Female,9,8,6,7,7,6,9,9,Pass
Student1562,ID01562,Male,8,6,8,9,7,8,9,8,Pass
Student1563,ID01563,Female,7,9,9,0,7,9,8,9,Fail
Student1564,ID01564,Male,9,8,9,8,0,7,9,6,Fail
Student1565,ID01565,Male,7,0,8,9,9,9,6,6,Fail
Student1566,ID01566,Female,6,8,9,9,9,8,8,0,Fail
Student1567,ID01567,Male,6,6,8,8,6,7,6,6,Pass
Student1568,ID01568,Female,9,7,7,9,8,0,6,8,Fail
Student1569,ID01569,Male,8,9,8,8,7,6,8,6,Pass
Student1570,ID01570,Female,7,9,9,6,7,9,9,6,Pass
Student1571,ID01571,Male,7,0,8,9,8,7,7,8,Fail
Student1572,ID01572,Male,6,7,8,0,6,7,9,8,Fail
Student1573,ID01573,Male,6,6,9,6,7,6,7,6,Pass
Student1574,ID01574,Male,7,0,9,6,7,7,9,0,Fail
Student1575,ID01575,Female,7,7,7,7,9,9,9,9,Pass
Student1576,ID01576,Female,7,7,9,8,0,9,0,8,Fail
Student1577,ID01577,Male,0,8,8,7,7,6,0,8,Fail
Student1578,ID01578,Female,6,8,6,9,7,7,6,6,Pass
Student1579,ID01579,Male,9,8,6,7,7,8,9,6,Pass
Student1580,ID01580,Female,6,6,7,6,7,8,6,7,Pass
Student1581,ID01581,Female,7,8,9,6,7,6,8,9,Pass
Student1582,ID01582,Male,6,8,7,9,8,0,7,7,Fail
Student1583,ID01583,Female,6,9,9,7,6,7,8,7,Pass
Student1584,ID01584,Male,9,8,9,9,0,0,7,8,Fail
Student1585,ID01585,Male,8,6,7,6,9,6,0,8,Fail
Student1586,ID01586,Male,6,8,6,7,6,6,6,0,Fail
Student1587,ID01587,Female,7,7,9,0,9,8,0,7,Fail
Student1588,ID01588,Male,9,9,9,8,8,8,7,8,Pass
Student1589,ID01589,Female,0,6,8,7,9,6,7,8,Fail
Student1590,ID01590,Male,6,9,7,7,7,0,6,7,Fail
Student1591,ID01591,Female,9,7,6,7,6,7,8,6,Pass
Student1592,ID01592,Female,9,7,6,9,9,9,9,0,Fail
Student1593,ID01593,Female,8,7,6,6,6,6,7,0,Fail
Student1594,ID01594,Female,9,8,9,8,7,7,9,6,Pass
Student1595,ID01595,Female,6,9,9,9,6,7,7,6,Pass
Student1596,ID01596,Male,8,9,8,6,8,6,9,7,Pass
Student1597,ID01597,Female,8,0,0,7,8,8,9,9,Fail
Student1598,ID01598,Female,0,9,9,6,9,6,7,6,Fail
Student1599,ID01599,Female,7,0,8,8,9,8,7,8,Fail
Student1600,ID01600,Female,6,7,0,7,8,6,9,8,Fail
Student1601,ID01601,Female,9,0,8,7,0,6,7,8,Fail
Student1602,ID01602,Male,7,8,9,9,6,6,8,6,Pass
Student1603,ID01603,Male,8,6,6,6,6,7,9,6,Pass
Student1604,ID01604,Female,9,9,6,7,9,7,6,8,Pass
Student1605,ID01605,Female,6,9,8,0,8,6,7,8,Fail
Student1606,ID01606,Female,6,7,8,8,9,0,9,0,Fail
Student1607,ID01607,Male,9,9,9,9,6,7,9,7,Pass
Student1608,ID01608,Male,8,8,0,6,9,8,6,7,Fail
Student1609,ID01609,Female,9,0,8,6,7,7,9,8,Fail
Student1610,ID01610,Male,9,6,7,9,0,8,0,7,Fail
Student1611,ID01611,Female,9,6,8,6,8,7,9,9,Pass
Student1612,ID01612,Male,7,6,7,9,6,6,9,7,Pass
Student1613,ID01613,Female,9,9,9,6,8,7,8,7,Pass
Student1614,ID01614,Male,6,7,7,8,8,9,7,6,Pass
Student1615,ID01615,Male,6,6,7,6,8,7,8,9,Pass
Student1616,ID01616,Female,8,9,0,6,7,7,6,8,Fail
Student1617,ID01617,Male,0,0,6,7,9,7,7,8,Fail
Student1618,ID01618,Male,7,9,8,0,8,7,7,7,Fail
Student1619,ID01619,Male,6,9,7,7,9,8,7,6,Pass
Student1620,ID01620,Male,7,7,8,8,8,6,7,6,Pass
Student1621,ID01621,Female,9,8,7,7,9,7,8,9,Pass
Student1622,ID01622,Female,9,7,9,6,9,9,8,6,Pass
Student1623,ID01623,Male,6,8,6,6,9,7,7,0,Fail
Student1624,ID01624,Female,9,9,6,6,9,8,9,7,Pass
Student1625,ID01625,Female,9,9,7,9,6,8,9,6,Pass
Student1626,ID01626,Female,9,7,8,9,8,7,9,8,Pass
Student1627,ID01627,Male,6,7,8,7,6,9,8,8,Pass
Student1628,ID01628,Female,8,6,8,7,8,8,7,0,Fail
Student1629,ID01629,Male,8,9,6,8,8,8,9,8,Pass
Student1630,ID01630,Male,9,8,7,8,8,8,9,6,Pass
Student1631,ID01631,Male,9,8,7,8,6,6,7,7,Pass
Student1632,ID01632,Female,6,0,7,9,7,8,6,8,Fail
Student1633,ID01633,Male,8,7,7,0,8,7,6,8,Fail
Student1634,ID01634,Female,7,6,8,6,8,9,9,6,Pass
Student1635,ID01635,Female,7,9,9,9,6,8,8,7,Pass
Student1636,ID01636,Female,6,0,9,8,9,7,7,6,Fail
Student1637,ID01637,Female,9,6,8,6,8,6,0,8,Fail
Student1638,ID01638,Female,8,8,9,8,7,7,7,9,Pass
Student1639,ID01639,Female,9,9,7,6,8,9,7,8,Pass
Student1640,ID01640,Female,8,0,0,8,9,6,9,8,Fail
Student1641,ID01641,Male,7,8,8,6,6,7,9,6,Pass
Student1642,ID01642,Male,9,7,8,8,6,0,8,6,Fail
Student1643,ID01643,Female,6,7,7,6,9,7,6,8,Pass
Student1644,ID01644,Female,9,6,6,6,6,0,6,8,Fail
Student1645,ID01645,Male,6,9,9,7,6,9,6,9,Pass
Student1646,ID01646,Female,9,7,7,8,6,8,9,6,Pass
Student1647,ID01647,Female,8,9,6,8,8,8,7,7,Pass
Student1648,ID01648,Female,9,6,6,7,7,6,9,6,Pass
Student1649,ID01649,Male,7,8,8,9,9,7,7,8,Pass
Student1650,ID01650,Female,9,8,9,9,7,6,8,7,Pass
Student1651,ID01651,Female,8,9,9,7,8,9,6,6,Pass
Student1652,ID01652,Female,6,7,7,6,6,6,9,9,Pass
Student1653,ID01653,Female,9,8,8,8,8,9,6,6,Pass
Student1654,ID01654,Male,6,6,8,8,7,6,6,9,Pass
Student1655,ID01655,Male,7,6,6,6,8,6,0,6,Fail
Student1656,ID01656,Male,7,9,7,8,9,7,8,8,Pass
Student1657,ID01657,Male,7,8,6,7,9,8,7,6,Pass
Student1658,ID01658,Male,9,8,0,8,7,6,7,9,Fail
Student1659,ID01659,Female,8,7,6,6,9,6,8,7,Pass
Student1660,ID01660,Female,6,6,7,6,9,6,9,8,Pass
Student1661,ID01661,Male,8,8,6,7,9,9,9,6,Pass
Student1662,ID01662,Female,9,7,6,8,9,9,8,6,Pass
Student1663,ID01663,Male,9,6,8,7,8,0,7,9,Fail
Student1664,ID01664,Male,9,7,8,9,9,8,6,7,Pass
Student1665,ID01665,Male,8,8,6,8,9,6,0,7,Fail
Student1666,ID01666,Female,6,9,9,8,7,8,8,7,Pass
Student1667,ID01667,Male,0,9,6,8,9,7,7,8,Fail
Student1668,ID01668,Female,7,6,9,7,6,7,8,7,Pass
Student1669,ID01669,Female,8,6,6,8,7,7,7,7,Pass
Student1670,ID01670,Female,8,8,6,7,0,7,8,8,Fail
Student1671,ID01671,Male,7,6,6,8,6,7,9,8,Pass
Student1672,ID01672,Male,6,6,7,9,6,7,0,6,Fail
Student1673,ID01673,Female,7,7,7,9,8,9,8,0,Fail
Student1674,ID01674,Male,7,9,8,7,8,9,8,9,Pass
Student1675,ID01675,Female,9,6,8,7,0,8,8,9,Fail
Student1676,ID01676,Male,8,8,8,7,9,6,7,8,Pass
Student1677,ID01677,Male,6,9,8,0,0,7,6,8,Fail
Student1678,ID01678,Male,9,9,7,6,6,7,8,6,Pass
Student1679,ID01679,Male,6,8,8,8,9,7,7,0,Fail
Student1680,ID01680,Female,6,8,6,9,8,9,0,6,Fail
Student1681,ID01681,Female,0,6,6,8,6,6,0,7,Fail
Student1682,ID01682,Female,9,8,7,7,8,7,7,9,Pass
Student1683,ID01683,Female,6,9,8,7,6,7,0,6,Fail
Student1684,ID01684,Female,6,7,7,6,7,9,8,8,Pass
Student1685,ID01685,Female,8,7,8,6,6,6,9,0,Fail
Student1686,ID01686,Male,8,7,7,6,9,6,6,7,Pass
Student1687,ID01687,Male,0,7,6,7,9,9,7,6,Fail
Student1688,ID01688,Male,8,6,9,6,8,7,9,6,Pass
Student1689,ID01689,Male,7,9,8,7,6,9,7,8,Pass
Student1690,ID01690,Female,0,8,9,6,9,8,7,8,Fail
Student1691,ID01691,Male,9,9,8,0,8,9,7,8,Fail
Student1692,ID01692,Male,9,9,8,8,6,9,7,9,Pass
Student1693,ID01693,Male,7,8,8,9,8,6,8,8,Pass
Student1694,ID01694,Female,9,0,7,9,0,8,6,7,Fail
Student1695,ID01695,Female,9,8,9,9,6,9,6,7,Pass
Student1696,ID01696,Female,7,6,7,8,9,6,9,8,Pass
Student1697,ID01697,Male,6,8,6,7,9,8,7,9,Pass
Student1698,ID01698,Male,6,8,9,8,7,9,7,8,Pass
Student1699,ID01699,Male,6,9,6,9,6,8,7,9,Pass
Student1700,ID01700,Male,9,9,7,8,6,6,8,9,Pass
Student1701,ID01701,Male,7,9,6,0,8,9,6,9,Fail
Student1702,ID01702,Male,8,6,7,6,9,9,9,6,Pass
Student1703,ID01703,Male,6,9,7,9,9,6,8,6,Pass
Student1704,ID01704,Male,6,9,9,8,8,6,9,0,Fail
Student1705,ID01705,Male,8,8,7,8,9,8,6,6,Pass
Student1706,ID01706,Male,6,6,9,9,7,9,9,9,Pass
Student1707,ID01707,Female,8,7,7,9,9,8,0,9,Fail
Student1708,ID01708,Male,9,9,8,8,7,8,8,9,Pass
Student1709,ID01709,Male,6,7,7,7,7,7,8,7,Pass
Student1710,ID01710,Female,8,7,8,9,8,8,8,8,Pass
Student1711,ID01711,Male,9,7,8,6,9,7,0,8,Fail
Student1712,ID01712,Male,9,7,9,7,8,8,7,9,Pass
Student1713,ID01713,Female,9,7,8,8,6,7,6,8,Pass
Student1714,ID01714,Female,9,9,8,6,7,8,6,6,Pass
Student1715,ID01715,Male,6,7,7,0,7,6,8,9,Fail
Student1716,ID01716,Male,9,8,9,7,8,8,8,6,Pass
Student1717,ID01717,Male,9,6,9,6,6,9,6,8,Pass
Student1718,ID01718,Male,6,7,7,9,8,6,6,9,Pass
Student1719,ID01719,Female,6,9,6,9,0,9,8,8,Fail
Student1720,ID01720,Male,8,6,7,9,7,7,7,0,Fail
Student1721,ID01721,Male,6,7,6,8,9,6,6,9,Pass
Student1722,ID01722,Male,7,8,0,8,8,7,6,0,Fail
Student1723,ID01723,Male,9,9,8,6,7,9,6,0,Fail
Student1724,ID01724,Male,9,9,9,8,7,0,7,7,Fail
Student1725,ID01725,Male,7,6,9,9,8,7,9,7,Pass
Student1726,ID01726,Male,9,6,9,8,8,7,7,6,Pass
Student1727,ID01727,Female,9,7,6,7,9,8,8,9,Pass
Student1728,ID01728,Female,7,7,9,9,9,8,6,7,Pass
Student1729,ID01729,Male,6,7,8,8,8,6,9,6,Pass
Student1730,ID01730,Female,9,6,8,9,9,7,6,7,Pass
Student1731,ID01731,Female,7,8,6,8,9,8,7,0,Fail
Student1732,ID01732,Male,8,8,7,8,0,6,7,8,Fail
Student1733,ID01733,Female,6,6,8,6,0,9,6,6,Fail
Student1734,ID01734,Female,6,7,7,6,9,9,0,6,Fail
Student1735,ID01735,Female,9,0,7,8,9,6,0,6,Fail
Student1736,ID01736,Female,7,9,8,7,8,7,6,7,Pass
Student1737,ID01737,Female,7,7,6,6,8,7,8,8,Pass
Student1738,ID01738,Male,7,9,8,6,6,9,7,0,Fail
Student1739,ID01739,Male,9,0,9,9,8,8,8,7,Fail
Student1740,ID01740,Female,0,7,6,9,0,6,9,8,Fail
Student1741,ID01741,Male,8,0,9,0,9,6,6,9,Fail
Student1742,ID01742,Female,8,7,7,6,7,9,7,8,Pass
Student1743,ID01743,Female,6,6,9,7,6,7,0,7,Fail
Student1744,ID01744,Female,7,8,8,8,9,8,7,8,Pass
Student1745,ID01745,Male,7,6,7,9,9,9,9,6,Pass
Student1746,ID01746,Male,9,9,6,9,9,7,7,8,Pass
Student1747,ID01747,Female,6,8,6,9,9,7,9,7,Pass
Student1748,ID01748,Female,6,9,6,0,8,6,9,9,Fail
Student1749,ID01749,Female,7,8,7,6,8,6,8,7,Pass
Student1750,ID01750,Male,7,6,8,8,6,7,7,6,Pass
Student1751,ID01751,Male,6,9,7,8,8,8,7,6,Pass
Student1752,ID01752,Female,6,7,8,8,6,7,6,6,Pass
Student1753,ID01753,Female,6,6,6,6,8,8,6,8,Pass
Student1754,ID01754,Male,6,8,7,8,7,6,9,7,Pass
Student1755,ID01755,Male,7,9,9,7,9,7,6,9,Pass
Student1756,ID01756,Female,7,6,7,6,7,8,6,6,Pass
Student1757,ID01757,Male,6,9,7,7,7,7,6,7,Pass
Student1758,ID01758,Female,0,9,9,6,6,6,7,7,Fail
Student1759,ID01759,Female,9,8,6,0,9,7,9,6,Fail
Student1760,ID01760,Male,6,7,8,9,8,8,8,7,Pass
Student1761,ID01761,Male,7,9,9,6,0,0,8,7,Fail
Student1762,ID01762,Female,8,7,8,7,6,6,7,9,Pass
Student1763,ID01763,Female,6,9,6,8,6,7,8,8,Pass
Student1764,ID01764,Female,6,0,6,7,8,6,8,8,Fail
Student1765,ID01765,Female,6,8,8,7,0,9,9,7,Fail
Student1766,ID01766,Male,7,8,6,9,6,0,6,9,Fail
Student1767,ID01767,Male,7,9,6,0,7,7,9,0,Fail
Student1768,ID01768,Male,9,7,8,7,7,9,0,7,Fail
Student1769,ID01769,Male,9,9,8,9,9,8,8,9,Pass
Student1770,ID01770,Female,8,9,9,7,7,0,9,6,Fail
Student1771,ID01771,Male,9,6,9,8,8,0,8,0,Fail
Student1772,ID01772,Male,7,8,7,0,7,7,6,7,Fail
Student1773,ID01773,Female,7,7,6,6,8,0,6,8,Fail
Student1774,ID01774,Female,7,0,9,9,8,8,0,8,Fail
Student1775,ID01775,Male,9,9,6,6,9,0,9,9,Fail
Student1776,ID01776,Male,8,9,9,6,6,8,8,9,Pass
Student1777,ID01777,Male,6,6,7,7,8,9,6,7,Pass
Student1778,ID01778,Female,6,7,8,0,9,9,8,7,Fail
Student1779,ID01779,Female,6,8,6,7,6,6,9,7,Pass
Student1780,ID01780,Female,9,9,6,9,6,7,9,9,Pass
Student1781,ID01781,Female,9,6,0,9,0,7,8,8,Fail
Student1782,ID01782,Female,6,8,8,8,9,9,6,6,Pass
Student1783,ID01783,Male,6,7,8,6,9,7,6,9,Pass
Student1784,ID01784,Male,9,8,0,8,8,9,7,8,Fail
Student1785,ID01785,Female,7,7,0,0,9,6,6,9,Fail
Student1786,ID01786,Male,9,8,7,6,7,7,7,6,Pass
Student1787,ID01787,Male,9,8,6,9,9,0,8,9,Fail
Student1788,ID01788,Male,9,9,0,7,6,9,8,7,Fail
Student1789,ID01789,Female,8,8,8,6,7,9,6,8,Pass
Student1790,ID01790,Male,8,9,8,9,6,6,7,9,Pass
Student1791,ID01791,Male,6,0,8,6,9,9,9,9,Fail
Student1792,ID01792,Female,9,7,9,7,8,8,7,7,Pass
Student1793,ID01793,Female,9,9,9,6,7,7,9,9,Pass
Student1794,ID01794,Female,6,9,9,6,7,0,6,7,Fail
Student1795,ID01795,Male,7,6,8,0,7,8,6,6,Fail
Student1796,ID01796,Male,7,9,6,9,8,6,6,8,Pass
Student1797,ID01797,Male,0,9,8,9,8,7,6,8,Fail
Student1798,ID01798,Female,8,6,6,9,6,8,9,7,Pass
Student1799,ID01799,Female,8,6,7,6,6,9,9,6,Pass
Student1800,ID01800,Female,8,8,8,6,9,8,8,7,Pass
Student1801,ID01801,Female,6,6,6,6,6,6,8,8,Pass
Student1802,ID01802,Female,0,9,9,7,9,6,8,7,Fail
Student1803,ID01803,Female,8,0,9,7,0,9,9,9,Fail
Student1804,ID01804,Female,9,6,6,6,8,9,6,6,Pass
Student1805,ID01805,Male,6,7,8,0,6,7,7,8,Fail
Student1806,ID01806,Male,6,9,0,8,6,7,0,6,Fail
Student1807,ID01807,Male,9,7,6,8,7,6,0,8,Fail
Student1808,ID01808,Female,9,9,8,0,8,9,9,8,Fail
Student1809,ID01809,Male,8,7,6,6,8,8,9,8,Pass
Student1810,ID01810,Male,8,7,6,8,8,6,8,9,Pass
Student1811,ID01811,Male,6,6,0,6,9,8,8,6,Fail
Student1812,ID01812,Female,8,9,6,8,6,7,7,8,Pass
Student1813,ID01813,Male,7,9,0,6,9,9,7,9,Fail
Student1814,ID01814,Female,9,8,9,9,9,8,6,7,Pass
Student1815,ID01815,Male,7,8,7,8,9,8,6,9,Pass
Student1816,ID01816,Male,8,9,8,0,9,7,7,8,Fail
Student1817,ID01817,Female,8,7,7,9,7,8,0,6,Fail
Student1818,ID01818,Female,8,9,0,9,8,6,6,7,Fail
Student1819,ID01819,Male,8,8,7,6,6,9,8,6,Pass
Student1820,ID01820,Male,7,6,8,7,9,7,7,8,Pass
Student1821,ID01821,Male,9,9,8,0,8,6,9,6,Fail
Student1822,ID01822,Male,6,7,9,0,7,7,6,8,Fail
Student1823,ID01823,Female,8,8,9,7,7,9,9,0,Fail
Student1824,ID01824,Male,7,7,7,8,7,7,8,7,Pass
Student1825,ID01825,Male,7,6,6,8,6,0,7,8,Fail
Student1826,ID01826,Female,7,6,8,7,0,9,7,7,Fail
Student1827,ID01827,Male,6,6,6,9,8,8,9,6,Pass
Student1828,ID01828,Male,9,6,6,9,7,6,8,8,Pass
Student1829,ID01829,Male,8,9,0,9,6,7,7,9,Fail
Student1830,ID01830,Male,9,9,9,7,6,9,9,7,Pass
Student1831,ID01831,Male,7,8,8,8,7,8,9,9,Pass
Student1832,ID01832,Male,6,9,6,8,7,9,6,9,Pass
Student1833,ID01833,Female,7,9,8,7,7,6,9,9,Pass
Student1834,ID01834,Male,6,8,7,9,8,8,8,7,Pass
Student1835,ID01835,Male,8,6,7,6,9,8,8,9,Pass
Student1836,ID01836,Male,6,7,8,7,9,6,6,8,Pass
Student1837,ID01837,Male,7,8,0,6,6,6,8,9,Fail
Student1838,ID01838,Female,6,7,8,8,6,9,8,8,Pass
Student1839,ID01839,Male,8,8,9,9,6,9,9,6,Pass
Student1840,ID01840,Male,8,9,8,7,6,9,7,6,Pass
Student1841,ID01841,Male,6,7,6,0,8,8,8,8,Fail
Student1842,ID01842,Male,9,8,8,9,9,6,9,6,Pass
Student1843,ID01843,Male,9,8,7,9,9,8,9,6,Pass
Student1844,ID01844,Male,8,7,0,8,6,8,6,6,Fail
Student1845,ID01845,Male,7,8,8,6,9,9,9,6,Pass
Student1846,ID01846,Female,6,6,9,9,6,6,9,0,Fail
Student1847,ID01847,Female,9,9,6,7,7,7,8,7,Pass
Student1848,ID01848,Male,8,9,8,8,6,9,7,8,Pass
Student1849,ID01849,Female,9,6,7,7,7,6,6,0,Fail
Student1850,ID01850,Female,7,7,7,8,7,9,0,9,Fail
Student1851,ID01851,Female,9,8,6,8,0,9,7,9,Fail
Student1852,ID01852,Female,8,7,7,6,6,6,7,8,Pass
Student1853,ID01853,Male,8,6,7,8,9,9,8,9,Pass
Student1854,ID01854,Female,9,9,0,8,7,6,9,9,Fail
Student1855,ID01855,Male,7,6,9,7,6,8,9,6,Pass
Student1856,ID01856,Female,9,7,9,8,7,7,7,9,Pass
Student1857,ID01857,Male,7,6,6,9,6,7,8,7,Pass
Student1858,ID01858,Male,6,9,6,9,6,9,8,0,Fail
Student1859,ID01859,Male,7,7,9,8,9,7,9,8,Pass
Student1860,ID01860,Female,9,6,8,9,8,7,0,0,Fail
Student1861,ID01861,Female,6,9,8,7,6,9,9,9,Pass
Student1862,ID01862,Male,8,9,9,9,8,6,7,7,Pass
Student1863,ID01863,Female,7,7,8,7,8,7,6,8,Pass
Student1864,ID01864,Female,7,7,6,0,9,8,6,6,Fail
Student1865,ID01865,Male,6,8,8,7,6,9,9,6,Pass
Student1866,ID01866,Male,6,8,9,9,8,9,7,9,Pass
Student1867,ID01867,Male,8,7,8,9,8,7,6,6,Pass
Student1868,ID01868,Male,7,8,9,9,8,8,9,9,Pass
Student1869,ID01869,Male,7,8,9,6,6,7,7,9,Pass
Student1870,ID01870,Female,6,0,9,0,7,7,7,8,Fail
Student1871,ID01871,Male,7,9,9,8,7,9,8,6,Pass
Student1872,ID01872,Male,7,6,6,6,9,9,8,6,Pass
Student1873,ID01873,Male,9,9,8,9,7,9,7,9,Pass
Student1874,ID01874,Male,9,0,6,8,9,9,8,8,Fail
Student1875,ID01875,Male,9,8,8,9,6,7,7,9,Pass
Student1876,ID01876,Female,6,9,7,8,8,6,7,6,Pass
Student1877,ID01877,Male,6,0,0,6,7,0,8,8,Fail
Student1878,ID01878,Female,6,8,9,7,7,9,6,9,Pass
Student1879,ID01879,Male,9,0,9,8,9,7,0,8,Fail
Student1880,ID01880,Female,8,9,9,8,8,6,8,9,Pass
Student1881,ID01881,Male,8,9,6,6,7,9,8,6,Pass
Student1882,ID01882,Male,8,8,0,8,7,6,8,0,Fail
Student1883,ID01883,Male,8,8,6,7,6,7,7,0,Fail
Student1884,ID01884,Male,9,8,9,0,6,6,8,8,Fail
Student1885,ID01885,Female,7,9,7,8,8,6,9,9,Pass
Student1886,ID01886,Male,7,9,8,6,9,9,7,8,Pass
Student1887,ID01887,Female,7,6,9,9,6,6,6,7,Pass
Student1888,ID01888,Male,8,6,7,6,9,9,7,9,Pass
Student1889,ID01889,Male,9,7,7,6,8,6,9,9,Pass
Student1890,ID01890,Female,8,6,9,8,6,7,6,7,Pass
Student1891,ID01891,Male,7,8,9,6,9,7,6,7,Pass
Student1892,ID01892,Male,0,8,9,9,0,8,9,9,Fail
Student1893,ID01893,Female,8,8,6,6,8,8,8,9,Pass
Student1894,ID01894,Female,9,0,6,8,7,9,6,6,Fail
Student1895,ID01895,Female,9,0,0,9,9,9,6,8,Fail
Student1896,ID01896,Male,8,9,7,9,8,8,7,6,Pass
Student1897,ID01897,Female,6,7,8,7,8,7,6,7,Pass
Student1898,ID01898,Female,8,6,6,7,6,7,7,7,Pass
Student1899,ID01899,Male,7,9,9,9,7,7,6,8,Pass
Student1900,ID01900,Male,7,7,8,6,9,7,7,9,Pass
Student1901,ID01901,Female,7,9,6,0,6,8,0,8,Fail
Student1902,ID01902,Male,8,0,8,6,8,7,7,6,Fail
Student1903,ID01903,Male,6,9,6,0,0,8,9,9,Fail
Student1904,ID01904,Male,6,9,6,7,6,9,7,9,Pass
Student1905,ID01905,Female,8,7,9,6,8,9,0,8,Fail
Student1906,ID01906,Male,8,8,7,7,9,9,7,9,Pass
Student1907,ID01907,Male,6,7,0,7,7,7,7,7,Fail
Student1908,ID01908,Female,7,6,9,7,8,6,6,8,Pass
Student1909,ID01909,Female,8,0,7,7,7,7,7,6,Fail
Student1910,ID01910,Female,9,6,6,8,6,8,7,7,Pass
Student1911,ID01911,Female,6,7,8,6,0,7,8,6,Fail
Student1912,ID01912,Female,8,8,6,7,8,7,9,9,Pass
Student1913,ID01913,Female,6,9,9,9,7,8,9,6,Pass
Student1914,ID01914,Male,6,7,8,7,8,9,8,7,Pass
Student1915,ID01915,Male,6,6,6,8,7,9,8,7,Pass
Student1916,ID01916,Female,0,6,7,9,6,7,6,9,Fail
Student1917,ID01917,Female,6,6,8,9,8,6,7,9,Pass
Student1918,ID01918,Female,8,7,9,9,6,6,7,7,Pass
Student1919,ID01919,Female,7,7,9,7,8,6,9,6,Pass
Student1920,ID01920,Male,6,6,9,7,8,6,8,8,Pass
Student1921,ID01921,Male,8,6,8,6,6,8,6,7,Pass
Student1922,ID01922,Female,6,6,8,7,8,9,7,6,Pass
Student1923,ID01923,Female,8,9,9,9,9,8,7,7,Pass
Student1924,ID01924,Female,7,8,7,6,9,6,8,9,Pass
Student1925,ID01925,Female,6,9,7,9,8,9,8,8,Pass
Student1926,ID01926,Female,6,9,7,6,9,8,7,7,Pass
Student1927,ID01927,Male,8,6,9,9,9,8,8,7,Pass
Student1928,ID01928,Female,7,6,7,8,7,6,0,6,Fail
Student1929,ID01929,Female,0,9,8,6,7,6,7,0,Fail
Student1930,ID01930,Female,8,9,9,8,0,7,8,9,Fail
Student1931,ID01931,Female,8,9,7,8,7,7,7,6,Pass
Student1932,ID01932,Female,9,7,8,9,9,7,6,9,Pass
Student1933,ID01933,Female,6,7,0,8,8,9,7,7,Fail
Student1934,ID01934,Female,8,6,6,7,9,7,8,8,Pass
Student1935,ID01935,Female,8,9,7,7,9,7,6,8,Pass
Student1936,ID01936,Male,8,8,9,8,7,7,9,7,Pass
Student1937,ID01937,Female,8,7,9,6,7,6,6,8,Pass
Student1938,ID01938,Female,9,9,7,8,9,7,6,8,Pass
Student1939,ID01939,Female,7,7,8,7,7,6,6,9,Pass
Student1940,ID01940,Male,8,7,9,9,6,8,8,8,Pass
Student1941,ID01941,Female,7,6,7,8,9,6,6,6,Pass
Student1942,ID01942,Male,9,7,6,7,9,9,7,9,Pass
Student1943,ID01943,Male,9,9,7,8,9,6,8,7,Pass
Student1944,ID01944,Female,6,8,6,9,8,6,9,0,Fail
Student1945,ID01945,Female,8,7,7,6,8,9,6,0,Fail
Student1946,ID01946,Female,7,8,7,9,6,8,6,6,Pass
Student1947,ID01947,Male,8,7,8,6,8,7,9,6,Pass
Student1948,ID01948,Male,8,7,9,6,7,7,6,6,Pass
Student1949,ID01949,Male,0,9,7,9,7,6,6,8,Fail
Student1950,ID01950,Male,6,6,8,6,8,7,9,6,Pass
Student1951,ID01951,Male,6,9,8,8,9,7,6,7,Pass
Student1952,ID01952,Male,6,9,9,8,7,6,6,8,Pass
Student1953,ID01953,Male,9,6,9,6,8,7,9,7,Pass
Student1954,ID01954,Female,8,9,9,6,6,9,0,7,Fail
Student1955,ID01955,Female,8,6,6,6,7,9,6,7,Pass
Student1956,ID01956,Female,8,8,6,7,0,7,6,9,Fail
Student1957,ID01957,Male,8,6,6,7,7,7,9,8,Pass
Student1958,ID01958,Male,6,7,8,6,9,8,6,8,Pass
Student1959,ID01959,Female,7,0,7,8,6,9,9,6,Fail
Student1960,ID01960,Male,6,9,7,7,9,6,6,7,Pass
Student1961,ID01961,Female,8,8,6,8,7,8,9,7,Pass
Student1962,ID01962,Female,9,6,7,7,7,6,8,6,Pass
Student1963,ID01963,Female,6,6,6,8,8,9,8,6,Pass
Student1964,ID01964,Female,6,6,0,6,8,7,7,9,Fail
Student1965,ID01965,Male,9,6,8,6,6,9,8,8,Pass
Student1966,ID01966,Female,6,6,7,6,9,0,8,8,Fail
Student1967,ID01967,Female,9,8,6,0,8,0,8,0,Fail
Student1968,ID01968,Male,7,6,7,8,0,6,7,7,Fail
Student1969,ID01969,Male,7,9,8,7,9,8,8,6,Pass
Student1970,ID01970,Male,7,6,6,6,7,0,9,6,Fail
Student1971,ID01971,Male,6,8,8,8,6,6,9,7,Pass
Student1972,ID01972,Male,6,8,0,0,9,6,7,9,Fail
Student1973,ID01973,Male,8,6,7,6,7,6,7,9,Pass
Student1974,ID01974,Female,6,9,6,6,6,7,9,9,Pass
Student1975,ID01975,Female,7,9,9,6,6,9,9,7,Pass
Student1976,ID01976,Female,6,6,7,9,9,7,7,6,Pass
Student1977,ID01977,Female,6,6,8,8,6,8,8,9,Pass
Student1978,ID01978,Male,6,9,8,7,9,7,6,6,Pass
Student1979,ID01979,Female,7,0,8,6,7,6,9,8,Fail
Student1980,ID01980,Male,6,6,8,6,9,7,0,8,Fail
Student1981,ID01981,Male,8,7,6,9,6,7,7,9,Pass
Student1982,ID01982,Male,6,9,8,7,8,6,8,7,Pass
Student1983,ID01983,Male,8,6,9,9,0,7,9,7,Fail
Student1984,ID01984,Female,6,9,9,8,7,7,8,8,Pass
Student1985,ID01985,Male,9,8,9,8,7,7,9,0,Fail
Student1986,ID01986,Female,6,7,9,6,8,8,7,7,Pass
Student1987,ID01987,Male,9,7,6,9,6,8,7,8,Pass
Student1988,ID01988,Female,9,6,7,9,8,7,0,7,Fail
Student1989,ID01989,Female,7,9,9,6,7,8,9,6,Pass
Student1990,ID01990,Male,9,8,8,9,8,9,0,7,Fail
Student1991,ID01991,Male,7,0,9,9,7,7,9,7,Fail
Student1992,ID01992,Male,7,7,7,6,7,6,7,8,Pass
Student1993,ID01993,Male,6,9,7,9,8,6,9,9,Pass
Student1994,ID01994,Male,8,7,0,7,6,7,0,6,Fail
Student1995,ID01995,Female,6,9,7,6,9,7,8,6,Pass
Student1996,ID01996,Female,9,8,7,6,8,8,8,6,Pass
Student1997,ID01997,Female,7,9,6,8,9,8,9,7,Pass
Student1998,ID01998,Male,7,9,7,9,6,9,7,8,Pass
Student1999,ID01999,Male,7,8,8,9,8,6,6,9,Pass
Student2000,ID02000,Female,7,7,9,6,7,6,7,9,Pass
